experiment_id,run_id,measurement_type,mcu,board_model,core,configured_clock_mhz,variant,opt_level,iteration_count,keygen_timer_ticks,keygen_us,encap_timer_ticks,encap_us,decap_timer_ticks,decap_us,keygen_stddev_us,encap_stddev_us,decap_stddev_us,hardware_cycle_count_or_na,estimated_cycles_or_na,text_bytes,rodata_bytes,data_bytes,bss_bytes,flash_bytes,static_ram_bytes,peak_stack_bytes_or_na,peak_total_ram_bytes,verification_status,run_status,compiler_version,renode_version,source_revision,elf_sha256,raw_log_file,raw_log_sha256,timestamp_utc
stm32f0_mlkem512_48mhz_o1,1,renode_simulation,STM32F072RBT6,platforms/boards/stm32f072b_discovery.repl,Cortex-M0,48,ML-KEM-512,-O1,5,103680,2160,120816,2517,146592,3054,3,1,0,N/A,103680|120816|146592,20796,1120,96,3900,22012,3996,9820,13816,PASS,SUCCESS,arm-none-eabi-gcc 13.3.1,Renode v1.16.1.19220,unversioned-worktree,04b2129cd41383e1c7333596e0c1f66f6c97a3aa5130e047ba8914024993bc94,stm32f0_mlkem512_48mhz_o1_run001.txt,c1de85dfdfbec29063c5e0bfe8de364df9d8d3c01ee946ecc66a5e8a1a0e76f4,2026-07-29T22:11:02.203608+00:00
stm32f0_mlkem512_48mhz_o1,2,renode_simulation,STM32F072RBT6,platforms/boards/stm32f072b_discovery.repl,Cortex-M0,48,ML-KEM-512,-O1,5,103680,2160,120816,2517,146592,3054,3,1,0,N/A,103680|120816|146592,20796,1120,96,3900,22012,3996,9836,13832,PASS,SUCCESS,arm-none-eabi-gcc 13.3.1,Renode v1.16.1.19220,unversioned-worktree,04b2129cd41383e1c7333596e0c1f66f6c97a3aa5130e047ba8914024993bc94,stm32f0_mlkem512_48mhz_o1.txt,4bb1a1d336489ff0b2d44b4f5f2422b9c64f7a445b7837680371ef60d9d5c524,2026-07-29T22:11:02.203608+00:00
stm32f0_mlkem512_48mhz_o2,1,renode_simulation,STM32F072RBT6,platforms/boards/stm32f072b_discovery.repl,Cortex-M0,48,ML-KEM-512,-O2,5,101184,2108,118320,2465,142800,2975,4,0,0,N/A,101184|118320|142800,20548,1120,96,3900,21764,3996,9828,13824,PASS,SUCCESS,arm-none-eabi-gcc 13.3.1,Renode v1.16.1.19220,unversioned-worktree,64cefb4ab2e7328880d65750bb8bc177aab724fb9f3df8e2571c50b218926949,stm32f0_mlkem512_48mhz_o2_run001.txt,83d32cc9ec210c6a3bcc54ec57676bfafb3a77e2611ea8842ded3638c058a2fb,2026-07-29T22:11:02.203608+00:00
stm32f0_mlkem512_48mhz_o2,2,renode_simulation,STM32F072RBT6,platforms/boards/stm32f072b_discovery.repl,Cortex-M0,48,ML-KEM-512,-O2,5,101232,2109,118320,2465,142800,2975,4,0,0,N/A,101232|118320|142800,20548,1120,96,3900,21764,3996,9820,13816,PASS,SUCCESS,arm-none-eabi-gcc 13.3.1,Renode v1.16.1.19220,unversioned-worktree,64cefb4ab2e7328880d65750bb8bc177aab724fb9f3df8e2571c50b218926949,stm32f0_mlkem512_48mhz_o2.txt,9b7a26a022e1da9ee75d61382b44165bd24450c4d7ac845b5138dcb5fcec1f90,2026-07-29T22:11:02.203608+00:00
stm32f0_mlkem512_48mhz_o3,1,renode_simulation,STM32F072RBT6,platforms/boards/stm32f072b_discovery.repl,Cortex-M0,48,ML-KEM-512,-O3,5,92736,1932,108960,2270,133776,2787,4,0,0,N/A,92736|108960|133776,23108,1120,96,3908,24324,4004,9836,13840,PASS,SUCCESS,arm-none-eabi-gcc 13.3.1,Renode v1.16.1.19220,unversioned-worktree,0deb55357fa32997dc6e47d9f17a92155e65850a5ae7540908b95a12a2e9e114,stm32f0_mlkem512_48mhz_o3_run001.txt,1ca584272b928d7b0173ad039f4eaa727b6567d842ddb838a9c4af81288cd1da,2026-07-29T22:11:02.203608+00:00
stm32f0_mlkem512_48mhz_o3,2,renode_simulation,STM32F072RBT6,platforms/boards/stm32f072b_discovery.repl,Cortex-M0,48,ML-KEM-512,-O3,5,92736,1932,108960,2270,133776,2787,4,0,0,N/A,92736|108960|133776,23108,1120,96,3908,24324,4004,9828,13832,PASS,SUCCESS,arm-none-eabi-gcc 13.3.1,Renode v1.16.1.19220,unversioned-worktree,0deb55357fa32997dc6e47d9f17a92155e65850a5ae7540908b95a12a2e9e114,stm32f0_mlkem512_48mhz_o3.txt,0c60b8049f1da1532d7b51125c00a82a16abe3356462b130abd534d39e07234a,2026-07-29T22:11:02.203608+00:00
stm32f0_mlkem512_48mhz_os,1,renode_simulation,STM32F072RBT6,platforms/boards/stm32f072b_discovery.repl,Cortex-M0,48,ML-KEM-512,-Os,5,93792,1954,106752,2224,124608,2596,5,0,0,N/A,93792|106752|124608,18184,1108,96,3900,19388,3996,9828,13824,PASS,SUCCESS,arm-none-eabi-gcc 13.3.1,Renode v1.16.1.19220,unversioned-worktree,be34929d8b9103b7dc4d21166406deeb39e23d27932ca93f11c78c743ee18cb9,stm32f0_mlkem512_48mhz_os_run001.txt,f67b39a7cbe7643fd72aa35a497a28f16e81f0aa685d138fe69c371ac7ad9582,2026-07-29T22:11:02.203608+00:00
stm32f0_mlkem512_48mhz_os,2,renode_simulation,STM32F072RBT6,platforms/boards/stm32f072b_discovery.repl,Cortex-M0,48,ML-KEM-512,-Os,5,93792,1954,106752,2224,124608,2596,5,0,0,N/A,93792|106752|124608,18184,1108,96,3900,19388,3996,9820,13816,PASS,SUCCESS,arm-none-eabi-gcc 13.3.1,Renode v1.16.1.19220,unversioned-worktree,be34929d8b9103b7dc4d21166406deeb39e23d27932ca93f11c78c743ee18cb9,stm32f0_mlkem512_48mhz_os.txt,8ff1d18bdcce804033d251ba10b87c1dadd46099a0bde53bb793c2eb8db11977,2026-07-29T22:11:02.203608+00:00
stm32f4_mlkem1024_120mhz_o0,1,renode_simulation,STM32F407VGT6,platforms/boards/stm32f4_discovery.repl,Cortex-M4,120,ML-KEM-1024,-O0,5,790320,6586,893520,7446,1050480,8754,1,1,1,N/A,790320|893520|1050480,116676,2052,2184,7396,120912,9580,23520,33100,PASS,SUCCESS,arm-none-eabi-gcc 13.3.1,Renode v1.16.1.19220,unversioned-worktree,cdfd805989cdd73817da3b144860ebe7bd3eadaa992c0364fca0c6c3832efc3a,stm32f4_mlkem1024_120mhz_o0_run001.txt,cbc7c2c67ca3429a98f30bb9b8eba92818b3b44c6109335c95ed411315bace3e,2026-07-29T22:11:02.203608+00:00
stm32f4_mlkem1024_168mhz_o0,1,renode_simulation,STM32F407VGT6,platforms/boards/stm32f4_discovery.repl,Cortex-M4,168,ML-KEM-1024,-O0,5,1107960,6595,1251432,7449,1471008,8756,1,1,1,N/A,1107960|1251432|1471008,38288,1092,96,6940,39476,7036,23520,30556,PASS,SUCCESS,arm-none-eabi-gcc 13.3.1,Renode v1.16.1.19220,unversioned-worktree,22045d4550378df900acfe80fd221a8c41551b99f06f9e492caeaab9fe7a1013,stm32f4_mlkem1024_168mhz_o0_run001.txt,4ed78306602a9e4b0c76820e808afc14d17fedf83796492a2dec6642d99bacda,2026-07-29T22:11:02.203608+00:00
stm32f4_mlkem1024_48mhz_o0,1,renode_simulation,STM32F407VGT6,platforms/boards/stm32f4_discovery.repl,Cortex-M4,48,ML-KEM-1024,-O0,5,316128,6586,357408,7446,420192,8754,1,1,1,N/A,316128|357408|420192,116676,2052,2184,7396,120912,9580,23520,33100,PASS,SUCCESS,arm-none-eabi-gcc 13.3.1,Renode v1.16.1.19220,unversioned-worktree,a7aee7d9bdd84ee8a5321a34d2395e9e16ccebfe73d785f0f9d7209fa254868a,stm32f4_mlkem1024_48mhz_o0_run001.txt,2c4098c34859d8eaf44d3205c24fb11fb6cdea0b38ff62260593f134a6bdd594,2026-07-29T22:11:02.203608+00:00
stm32f4_mlkem1024_84mhz_o0,1,renode_simulation,STM32F407VGT6,platforms/boards/stm32f4_discovery.repl,Cortex-M4,84,ML-KEM-1024,-O0,5,553224,6586,625464,7446,735336,8754,1,1,1,N/A,553224|625464|735336,116676,2052,2184,7396,120912,9580,23520,33100,PASS,SUCCESS,arm-none-eabi-gcc 13.3.1,Renode v1.16.1.19220,unversioned-worktree,0c57f98e740f54757995bd4331142af880ad2ed463346bb478e9a63fdd8d5020,stm32f4_mlkem1024_84mhz_o0_run001.txt,751f91069a4ace7c2f95597029d07c3d5543c4524b6c2021fc2322c2e7e863fa,2026-07-29T22:11:02.203608+00:00
stm32f4_mlkem1024_168mhz_o0,2,renode_simulation,STM32F407VGT6,platforms/boards/stm32f4_discovery.repl,Cortex-M4,168,ML-KEM-1024,-O0,5,1107960,6595,1251432,7449,1471008,8756,1,1,1,N/A,1107960|1251432|1471008,38288,1092,96,6940,39476,7036,23520,30556,PASS,SUCCESS,arm-none-eabi-gcc 13.3.1,Renode v1.16.1.19220,unversioned-worktree,22045d4550378df900acfe80fd221a8c41551b99f06f9e492caeaab9fe7a1013,stm32f4_mlkem1024_168mhz_o0.txt,4ed78306602a9e4b0c76820e808afc14d17fedf83796492a2dec6642d99bacda,2026-07-29T22:11:02.203608+00:00
stm32f4_mlkem1024_120mhz_o1,1,renode_simulation,STM32F407VGT6,platforms/boards/stm32f4_discovery.repl,Cortex-M4,120,ML-KEM-1024,-O1,5,243480,2029,266400,2220,303120,2526,0,0,0,N/A,243480|266400|303120,77124,2052,2184,7396,81360,9580,20824,30404,PASS,SUCCESS,arm-none-eabi-gcc 13.3.1,Renode v1.16.1.19220,unversioned-worktree,04f9b8682f3706ffe5a143bebc37c6c029d403b28aa4486e9d2b7ada5adc5ef8,stm32f4_mlkem1024_120mhz_o1_run001.txt,d3afa229818b684b569efd240a7f5ae1d56a168419be1d6298ec084f5bd9d208,2026-07-29T22:11:02.203608+00:00
stm32f4_mlkem1024_168mhz_o1,1,renode_simulation,STM32F407VGT6,platforms/boards/stm32f4_discovery.repl,Cortex-M4,168,ML-KEM-1024,-O1,5,341712,2034,372792,2219,424032,2524,0,0,1,N/A,341712|372792|424032,19356,1092,96,6940,20544,7036,20860,27896,PASS,SUCCESS,arm-none-eabi-gcc 13.3.1,Renode v1.16.1.19220,unversioned-worktree,68da355b8afd1b7f008aa57faad3c9bff1e5c186a2cfd7cc1a7a6f106e9caa9e,stm32f4_mlkem1024_168mhz_o1_run001.txt,aca2034dba1d80824f72c42c24ec21a159ae51257c63de07fe26ce12aad3f22f,2026-07-29T22:11:02.203608+00:00
stm32f4_mlkem1024_48mhz_o1,1,renode_simulation,STM32F407VGT6,platforms/boards/stm32f4_discovery.repl,Cortex-M4,48,ML-KEM-1024,-O1,5,97392,2029,106560,2220,121248,2526,0,0,0,N/A,97392|106560|121248,77124,2052,2184,7396,81360,9580,20824,30404,PASS,SUCCESS,arm-none-eabi-gcc 13.3.1,Renode v1.16.1.19220,unversioned-worktree,81c1fdb9d1d0c0b589ea7ca473f3269d39ec0619f3d0ad411608f8804ce13428,stm32f4_mlkem1024_48mhz_o1_run001.txt,b26241583da9d8af8b4f557668c8f85d4ebdd1d58d1b73694246f98ab55bc3ea,2026-07-29T22:11:02.203608+00:00
stm32f4_mlkem1024_84mhz_o1,1,renode_simulation,STM32F407VGT6,platforms/boards/stm32f4_discovery.repl,Cortex-M4,84,ML-KEM-1024,-O1,5,170436,2029,186480,2220,212184,2526,0,0,0,N/A,170436|186480|212184,77124,2052,2184,7396,81360,9580,20824,30404,PASS,SUCCESS,arm-none-eabi-gcc 13.3.1,Renode v1.16.1.19220,unversioned-worktree,7a69081327fd4391e45a7bbbeadd7b78b597ba27a9acdab381400408664fae43,stm32f4_mlkem1024_84mhz_o1_run001.txt,9ff7b63924714c69cb7e808e52eb064a2bf76b3a0b7930930aa607a9525f73ae,2026-07-29T22:11:02.203608+00:00
stm32f4_mlkem1024_168mhz_o1,2,renode_simulation,STM32F407VGT6,platforms/boards/stm32f4_discovery.repl,Cortex-M4,168,ML-KEM-1024,-O1,5,341712,2034,372960,2220,424200,2525,0,0,1,N/A,341712|372960|424200,19356,1092,96,6940,20544,7036,20868,27904,PASS,SUCCESS,arm-none-eabi-gcc 13.3.1,Renode v1.16.1.19220,unversioned-worktree,68da355b8afd1b7f008aa57faad3c9bff1e5c186a2cfd7cc1a7a6f106e9caa9e,stm32f4_mlkem1024_168mhz_o1.txt,b5a12a726ae6068af8516f6dc631bbd67113ffd516f556a2ea1784fe8aace128,2026-07-29T22:11:02.203608+00:00
stm32f4_mlkem1024_120mhz_o2,1,renode_simulation,STM32F407VGT6,platforms/boards/stm32f4_discovery.repl,Cortex-M4,120,ML-KEM-1024,-O2,5,258480,2154,281760,2348,317160,2643,4,0,0,N/A,258480|281760|317160,74780,2052,2184,7396,79016,9580,20756,30336,PASS,SUCCESS,arm-none-eabi-gcc 13.3.1,Renode v1.16.1.19220,unversioned-worktree,36aa40c14bb89cc82842ff9a70e9b9fa8091147f0d4cad5505c64c76541ee952,stm32f4_mlkem1024_120mhz_o2_run001.txt,b835c755a8af9c9e81bad61077bb27d0e96faf3b41722985454606e3a5b68ced,2026-07-29T22:11:02.203608+00:00
stm32f4_mlkem1024_168mhz_o2,1,renode_simulation,STM32F407VGT6,platforms/boards/stm32f4_discovery.repl,Cortex-M4,168,ML-KEM-1024,-O2,5,370272,2204,402528,2396,451920,2690,0,0,1,N/A,370272|402528|451920,19340,1092,96,6944,20528,7040,20756,27796,PASS,SUCCESS,arm-none-eabi-gcc 13.3.1,Renode v1.16.1.19220,unversioned-worktree,07796bd0ebcacd3392eab6fbfb0ec2718d6a23610da24cf5e2d61b2c46662de6,stm32f4_mlkem1024_168mhz_o2_run001.txt,b8fb2a668e6837348c412892db6da7ef3c4d4a6f935fbd372089278fedd7223e,2026-07-29T22:11:02.203608+00:00
stm32f4_mlkem1024_48mhz_o2,1,renode_simulation,STM32F407VGT6,platforms/boards/stm32f4_discovery.repl,Cortex-M4,48,ML-KEM-1024,-O2,5,103392,2154,112704,2348,126864,2643,4,0,0,N/A,103392|112704|126864,74780,2052,2184,7396,79016,9580,20756,30336,PASS,SUCCESS,arm-none-eabi-gcc 13.3.1,Renode v1.16.1.19220,unversioned-worktree,ad0af214b2767e881281b1f86be074b3b4ae9263404cced1f3ef1ef54494444e,stm32f4_mlkem1024_48mhz_o2_run001.txt,b8377cb86fa8be87369db9359c521913e694cb15a8773ffb076c813f9398e18b,2026-07-29T22:11:02.203608+00:00
stm32f4_mlkem1024_84mhz_o2,1,renode_simulation,STM32F407VGT6,platforms/boards/stm32f4_discovery.repl,Cortex-M4,84,ML-KEM-1024,-O2,5,180936,2154,197232,2348,222012,2643,4,0,0,N/A,180936|197232|222012,74780,2052,2184,7396,79016,9580,20756,30336,PASS,SUCCESS,arm-none-eabi-gcc 13.3.1,Renode v1.16.1.19220,unversioned-worktree,dd10b6b1678464626082f0998f83bc7d00afbbd59a486383adf8e40b33c6a0e6,stm32f4_mlkem1024_84mhz_o2_run001.txt,88597b5c50ddf4b206002aba10ba02b15efef64335434c506357a689823967cc,2026-07-29T22:11:02.203608+00:00
stm32f4_mlkem1024_168mhz_o2,2,renode_simulation,STM32F407VGT6,platforms/boards/stm32f4_discovery.repl,Cortex-M4,168,ML-KEM-1024,-O2,5,370272,2204,402528,2396,451920,2690,0,0,1,N/A,370272|402528|451920,19340,1092,96,6944,20528,7040,20756,27796,PASS,SUCCESS,arm-none-eabi-gcc 13.3.1,Renode v1.16.1.19220,unversioned-worktree,07796bd0ebcacd3392eab6fbfb0ec2718d6a23610da24cf5e2d61b2c46662de6,stm32f4_mlkem1024_168mhz_o2.txt,b8fb2a668e6837348c412892db6da7ef3c4d4a6f935fbd372089278fedd7223e,2026-07-29T22:11:02.203608+00:00
stm32f4_mlkem1024_120mhz_o3,1,renode_simulation,STM32F407VGT6,platforms/boards/stm32f4_discovery.repl,Cortex-M4,120,ML-KEM-1024,-O3,5,234120,1951,255960,2133,291960,2433,4,0,0,N/A,234120|255960|291960,86956,2052,2184,7412,91192,9596,19908,29504,PASS,SUCCESS,arm-none-eabi-gcc 13.3.1,Renode v1.16.1.19220,unversioned-worktree,003d601eb9650b9f8696d0d59c92b8fc14094b2200cf26d5bf564d7e1d7d2229,stm32f4_mlkem1024_120mhz_o3_run001.txt,53a1858a01d68c92312797ed46db2e4f8ccf36ca79a635c965e011bf6bc24898,2026-07-29T22:11:02.203608+00:00
stm32f4_mlkem1024_168mhz_o3,1,renode_simulation,STM32F407VGT6,platforms/boards/stm32f4_discovery.repl,Cortex-M4,168,ML-KEM-1024,-O3,5,336168,2001,366240,2180,416640,2480,0,0,0,N/A,336168|366240|416640,22468,1092,96,6952,23656,7048,19908,26956,PASS,SUCCESS,arm-none-eabi-gcc 13.3.1,Renode v1.16.1.19220,unversioned-worktree,67c4900d27cce50f5745e7eb17abb939dedb159178a9887efa9cf24c411bd4be,stm32f4_mlkem1024_168mhz_o3_run001.txt,ca9f4cd1515dcb03824048ee13e00fdcb827f8d17ca3bab806e15912d1391250,2026-07-29T22:11:02.203608+00:00
stm32f4_mlkem1024_48mhz_o3,1,renode_simulation,STM32F407VGT6,platforms/boards/stm32f4_discovery.repl,Cortex-M4,48,ML-KEM-1024,-O3,5,93648,1951,102384,2133,116784,2433,4,0,0,N/A,93648|102384|116784,86956,2052,2184,7412,91192,9596,19908,29504,PASS,SUCCESS,arm-none-eabi-gcc 13.3.1,Renode v1.16.1.19220,unversioned-worktree,d9e53db2443b43cc1ec408431999bf0817acba2c17ca424fb29facf737c3d69a,stm32f4_mlkem1024_48mhz_o3_run001.txt,d35ffe5e3ee17bfa9c77402906c4d61f23452bef8251a0aa66becd790609db2c,2026-07-29T22:11:02.203608+00:00
stm32f4_mlkem1024_84mhz_o3,1,renode_simulation,STM32F407VGT6,platforms/boards/stm32f4_discovery.repl,Cortex-M4,84,ML-KEM-1024,-O3,5,163884,1951,179172,2133,204372,2433,4,0,0,N/A,163884|179172|204372,86956,2052,2184,7412,91192,9596,19908,29504,PASS,SUCCESS,arm-none-eabi-gcc 13.3.1,Renode v1.16.1.19220,unversioned-worktree,d0b3a2f19d82aafd4d276f20d96152bb42828f9cf4301114124778d13d12b72d,stm32f4_mlkem1024_84mhz_o3_run001.txt,955b97479563642761b473e259f4909162206b6cfa7f87374c0a5d5b8243a23b,2026-07-29T22:11:02.203608+00:00
stm32f4_mlkem1024_168mhz_o3,2,renode_simulation,STM32F407VGT6,platforms/boards/stm32f4_discovery.repl,Cortex-M4,168,ML-KEM-1024,-O3,5,336168,2001,366408,2181,416640,2480,1,0,0,N/A,336168|366408|416640,22468,1092,96,6952,23656,7048,19908,26956,PASS,SUCCESS,arm-none-eabi-gcc 13.3.1,Renode v1.16.1.19220,unversioned-worktree,67c4900d27cce50f5745e7eb17abb939dedb159178a9887efa9cf24c411bd4be,stm32f4_mlkem1024_168mhz_o3.txt,b839b3b537f7d13e831e26503c184f05da7e4cdf91636dad19840942eb44d1b8,2026-07-29T22:11:02.203608+00:00
stm32f4_mlkem1024_120mhz_os,1,renode_simulation,STM32F407VGT6,platforms/boards/stm32f4_discovery.repl,Cortex-M4,120,ML-KEM-1024,-Os,5,238440,1987,263760,2198,301800,2515,1,0,0,N/A,238440|263760|301800,67732,2036,2184,7396,71952,9580,20796,30376,PASS,SUCCESS,arm-none-eabi-gcc 13.3.1,Renode v1.16.1.19220,unversioned-worktree,284df2b29b098a7a0aac3453861799e52029e3fb5bf2011367416f10d43e67e6,stm32f4_mlkem1024_120mhz_os_run001.txt,64548d53a4600c76d0792d5dce209cdade9aa64bbf41d51499997bf69124ec9f,2026-07-29T22:11:02.203608+00:00
stm32f4_mlkem1024_168mhz_os,1,renode_simulation,STM32F407VGT6,platforms/boards/stm32f4_discovery.repl,Cortex-M4,168,ML-KEM-1024,-Os,5,342048,2036,376656,2242,429912,2559,0,0,0,N/A,342048|376656|429912,17376,1076,96,6940,18548,7036,20796,27832,PASS,SUCCESS,arm-none-eabi-gcc 13.3.1,Renode v1.16.1.19220,unversioned-worktree,4a73ad6fc47caa8f304f89fb6a2c9f9fb7639c52cc5653038d4f73bfe619a2fe,stm32f4_mlkem1024_168mhz_os_run001.txt,678373bf508df381209677943e8e78af661bb6a4d19a0daaa73ce9fbede5058a,2026-07-29T22:11:02.203608+00:00
stm32f4_mlkem1024_48mhz_os,1,renode_simulation,STM32F407VGT6,platforms/boards/stm32f4_discovery.repl,Cortex-M4,48,ML-KEM-1024,-Os,5,95376,1987,105504,2198,120720,2515,1,0,0,N/A,95376|105504|120720,67732,2036,2184,7396,71952,9580,20796,30376,PASS,SUCCESS,arm-none-eabi-gcc 13.3.1,Renode v1.16.1.19220,unversioned-worktree,2d75f0f9e5552b99680be8501bdfbf42eaa2a24f5e61a5d5eb35eece929aaf9f,stm32f4_mlkem1024_48mhz_os_run001.txt,5506a7e93379300174924bb9faf536715dcc84d840d066423255bafde18b6cf7,2026-07-29T22:11:02.203608+00:00
stm32f4_mlkem1024_168mhz_os,2,renode_simulation,STM32F407VGT6,platforms/boards/stm32f4_discovery.repl,Cortex-M4,168,ML-KEM-1024,-Os,5,342048,2036,376656,2242,429912,2559,0,0,0,N/A,342048|376656|429912,17376,1076,96,6940,18548,7036,20796,27832,PASS,SUCCESS,arm-none-eabi-gcc 13.3.1,Renode v1.16.1.19220,unversioned-worktree,4a73ad6fc47caa8f304f89fb6a2c9f9fb7639c52cc5653038d4f73bfe619a2fe,stm32f4_mlkem1024_168mhz_os.txt,678373bf508df381209677943e8e78af661bb6a4d19a0daaa73ce9fbede5058a,2026-07-29T22:11:02.203608+00:00
stm32f4_mlkem1024_120mhz_ofast,1,renode_simulation,STM32F407VGT6,platforms/boards/stm32f4_discovery.repl,Cortex-M4,120,ML-KEM-1024,-Ofast,5,234120,1951,255960,2133,291960,2433,4,0,0,N/A,234120|255960|291960,86972,2052,2184,7412,91208,9596,19908,29504,PASS,SUCCESS,arm-none-eabi-gcc 13.3.1,Renode v1.16.1.19220,unversioned-worktree,3f01a84c1522d92d8bd980c4e4ad06f36cad7c5084641474999604e5981a6b03,stm32f4_mlkem1024_120mhz_ofast_run001.txt,53a1858a01d68c92312797ed46db2e4f8ccf36ca79a635c965e011bf6bc24898,2026-07-29T22:11:02.203608+00:00
stm32f4_mlkem1024_168mhz_ofast,1,renode_simulation,STM32F407VGT6,platforms/boards/stm32f4_discovery.repl,Cortex-M4,168,ML-KEM-1024,-Ofast,5,327768,1951,358344,2133,408744,2433,4,0,0,N/A,327768|358344|408744,86972,2052,2184,7412,91208,9596,19908,29504,PASS,SUCCESS,arm-none-eabi-gcc 13.3.1,Renode v1.16.1.19220,unversioned-worktree,e409dbf5a817bf524864d1c29d751aa6c362eae1531157519170f35beac01849,stm32f4_mlkem1024_168mhz_ofast_run001.txt,c23f2c302bd38977cad21f63249d85d3823ff4c80241a47313b9f3f1807df16b,2026-07-29T22:11:02.203608+00:00
stm32f4_mlkem1024_48mhz_ofast,1,renode_simulation,STM32F407VGT6,platforms/boards/stm32f4_discovery.repl,Cortex-M4,48,ML-KEM-1024,-Ofast,5,93648,1951,102384,2133,116784,2433,4,0,0,N/A,93648|102384|116784,86972,2052,2184,7412,91208,9596,19908,29504,PASS,SUCCESS,arm-none-eabi-gcc 13.3.1,Renode v1.16.1.19220,unversioned-worktree,6dbbdfec95ab9b3a0afb06f16e7ac965b5aa2c65a77a6cc3af7d942ddd4bc08e,stm32f4_mlkem1024_48mhz_ofast_run001.txt,d35ffe5e3ee17bfa9c77402906c4d61f23452bef8251a0aa66becd790609db2c,2026-07-29T22:11:02.203608+00:00
stm32f4_mlkem1024_84mhz_ofast,1,renode_simulation,STM32F407VGT6,platforms/boards/stm32f4_discovery.repl,Cortex-M4,84,ML-KEM-1024,-Ofast,5,163884,1951,179172,2133,204372,2433,4,0,0,N/A,163884|179172|204372,86972,2052,2184,7412,91208,9596,19908,29504,PASS,SUCCESS,arm-none-eabi-gcc 13.3.1,Renode v1.16.1.19220,unversioned-worktree,377e4e7b8aa09d098657332b835589c686dfa775a9b544c6a4420b93685ea806,stm32f4_mlkem1024_84mhz_ofast_run001.txt,955b97479563642761b473e259f4909162206b6cfa7f87374c0a5d5b8243a23b,2026-07-29T22:11:02.203608+00:00
stm32f4_mlkem512_120mhz_o0,1,renode_simulation,STM32F407VGT6,platforms/boards/stm32f4_discovery.repl,Cortex-M4,120,ML-KEM-512,-O0,5,307680,2564,366600,3055,459000,3825,3,0,1,N/A,307680|366600|459000,116356,2052,2184,4292,120592,6476,12480,18956,PASS,SUCCESS,arm-none-eabi-gcc 13.3.1,Renode v1.16.1.19220,unversioned-worktree,6d94db4849e1d90bb0d542491e633d7873a04841e00d65ed03c271613258696e,stm32f4_mlkem512_120mhz_o0_run001.txt,91f154bc94f3361983f66097b6ff6fbac590a20634cddb67f2c60d800c57fe5c,2026-07-29T22:11:02.203608+00:00
stm32f4_mlkem512_168mhz_o0,1,renode_simulation,STM32F407VGT6,platforms/boards/stm32f4_discovery.repl,Cortex-M4,168,ML-KEM-512,-O0,5,431424,2568,513576,3057,642600,3825,3,0,1,N/A,431424|513576|642600,37984,1092,96,3836,39172,3932,12480,16412,PASS,SUCCESS,arm-none-eabi-gcc 13.3.1,Renode v1.16.1.19220,unversioned-worktree,30dd739f4b7d454ef2c1f45928d8df0b420a924a9341ea2db0bc8c51ae0e67c3,stm32f4_mlkem512_168mhz_o0_run001.txt,751d8d44d60c3259d8d41ced4099b7e4f1b1ef23b4c1dfd3beeab5e2c49dd8e3,2026-07-29T22:11:02.203608+00:00
stm32f4_mlkem512_48mhz_o0,1,renode_simulation,STM32F407VGT6,platforms/boards/stm32f4_discovery.repl,Cortex-M4,48,ML-KEM-512,-O0,5,123072,2564,146640,3055,183600,3825,3,0,1,N/A,123072|146640|183600,116356,2052,2184,4292,120592,6476,12480,18956,PASS,SUCCESS,arm-none-eabi-gcc 13.3.1,Renode v1.16.1.19220,unversioned-worktree,b6827c57b79a8525d795fe502da167efb0f08180f384d62c7aa0949203b7efd5,stm32f4_mlkem512_48mhz_o0_run001.txt,02c814c09780564050f3f67de363cdaecb4e4f212a21fe8986a5d938064f77a8,2026-07-29T22:11:02.203608+00:00
stm32f4_mlkem512_84mhz_o0,1,renode_simulation,STM32F407VGT6,platforms/boards/stm32f4_discovery.repl,Cortex-M4,84,ML-KEM-512,-O0,5,215376,2564,256620,3055,321300,3825,3,0,1,N/A,215376|256620|321300,116356,2052,2184,4292,120592,6476,12480,18956,PASS,SUCCESS,arm-none-eabi-gcc 13.3.1,Renode v1.16.1.19220,unversioned-worktree,b46cd9889622f4f67a2c0922f69fc73f7ae0d3a382b327c8b74d04408a9cdc32,stm32f4_mlkem512_84mhz_o0_run001.txt,78fbbfa3ba6e07f0d6edee1428a75be09fb7e57183523d82d828b68e77995153,2026-07-29T22:11:02.203608+00:00
stm32f4_mlkem512_168mhz_o0,2,renode_simulation,STM32F407VGT6,platforms/boards/stm32f4_discovery.repl,Cortex-M4,168,ML-KEM-512,-O0,5,431424,2568,513576,3057,642600,3825,3,0,1,N/A,431424|513576|642600,37984,1092,96,3836,39172,3932,12480,16412,PASS,SUCCESS,arm-none-eabi-gcc 13.3.1,Renode v1.16.1.19220,unversioned-worktree,30dd739f4b7d454ef2c1f45928d8df0b420a924a9341ea2db0bc8c51ae0e67c3,stm32f4_mlkem512_168mhz_o0.txt,751d8d44d60c3259d8d41ced4099b7e4f1b1ef23b4c1dfd3beeab5e2c49dd8e3,2026-07-29T22:11:02.203608+00:00
stm32f4_mlkem512_120mhz_o1,1,renode_simulation,STM32F407VGT6,platforms/boards/stm32f4_discovery.repl,Cortex-M4,120,ML-KEM-512,-O1,5,94200,785,106680,889,128400,1070,0,0,0,N/A,94200|106680|128400,76868,2052,2184,4292,81104,6476,9792,16268,PASS,SUCCESS,arm-none-eabi-gcc 13.3.1,Renode v1.16.1.19220,unversioned-worktree,b17ce2f732ffa444da3085614c308a3a6f6f961f1ea4c7b0a3c7da47b5950ab0,stm32f4_mlkem512_120mhz_o1_run001.txt,3934903028fa37546495ba804060c950b1e2d07aec0abc5099a8de4220de10fd,2026-07-29T22:11:02.203608+00:00
stm32f4_mlkem512_168mhz_o1,1,renode_simulation,STM32F407VGT6,platforms/boards/stm32f4_discovery.repl,Cortex-M4,168,ML-KEM-512,-O1,5,132384,788,149184,888,179592,1069,0,0,0,N/A,132384|149184|179592,19096,1092,96,3836,20284,3932,9792,13724,PASS,SUCCESS,arm-none-eabi-gcc 13.3.1,Renode v1.16.1.19220,unversioned-worktree,347f0005dd3b97115a1184160cdc2afdee480aefd0c775512a07c2061420b2d9,stm32f4_mlkem512_168mhz_o1_run001.txt,94d0d70a18e12029f1d43f6c6b35953fcbf1799ada93ba2f5cf776acd799d835,2026-07-29T22:11:02.203608+00:00
stm32f4_mlkem512_48mhz_o1,1,renode_simulation,STM32F407VGT6,platforms/boards/stm32f4_discovery.repl,Cortex-M4,48,ML-KEM-512,-O1,5,37680,785,42672,889,51360,1070,0,0,0,N/A,37680|42672|51360,76868,2052,2184,4292,81104,6476,9792,16268,PASS,SUCCESS,arm-none-eabi-gcc 13.3.1,Renode v1.16.1.19220,unversioned-worktree,3f2872d053b91139d61cb102327466bd29f6865291e8b4061e55a64367e1392b,stm32f4_mlkem512_48mhz_o1_run001.txt,0de3329b0ee4b73187902712e836350cea9118293fad8213a153fe3e16337a5d,2026-07-29T22:11:02.203608+00:00
stm32f4_mlkem512_84mhz_o1,1,renode_simulation,STM32F407VGT6,platforms/boards/stm32f4_discovery.repl,Cortex-M4,84,ML-KEM-512,-O1,5,65940,785,74676,889,89880,1070,0,0,0,N/A,65940|74676|89880,76868,2052,2184,4292,81104,6476,9792,16268,PASS,SUCCESS,arm-none-eabi-gcc 13.3.1,Renode v1.16.1.19220,unversioned-worktree,cf4f8188dc974739004443f9fa5aec6e0d3645f8a55ccf9bb583769b099fca17,stm32f4_mlkem512_84mhz_o1_run001.txt,c47292dbfd620b79b8447e8e70204754f454bbe8b71a3e332e9e4a6854466cdc,2026-07-29T22:11:02.203608+00:00
stm32f4_mlkem512_168mhz_o1,2,renode_simulation,STM32F407VGT6,platforms/boards/stm32f4_discovery.repl,Cortex-M4,168,ML-KEM-512,-O1,5,132384,788,149352,889,179592,1069,0,0,0,N/A,132384|149352|179592,19096,1092,96,3836,20284,3932,9792,13724,PASS,SUCCESS,arm-none-eabi-gcc 13.3.1,Renode v1.16.1.19220,unversioned-worktree,347f0005dd3b97115a1184160cdc2afdee480aefd0c775512a07c2061420b2d9,stm32f4_mlkem512_168mhz_o1.txt,c3da79f39c5a2844da791b2ae9c210828594d64983b64af2fcb4584460446a31,2026-07-29T22:11:02.203608+00:00
stm32f4_mlkem512_120mhz_o2,1,renode_simulation,STM32F407VGT6,platforms/boards/stm32f4_discovery.repl,Cortex-M4,120,ML-KEM-512,-O2,5,100200,835,111960,933,133080,1109,3,0,0,N/A,100200|111960|133080,74588,2052,2184,4292,78824,6476,9724,16200,PASS,SUCCESS,arm-none-eabi-gcc 13.3.1,Renode v1.16.1.19220,unversioned-worktree,aa5d147f9924903714bd6fb26e080e6870fc13f7c76eb22ab3cbe9c8947f4aa4,stm32f4_mlkem512_120mhz_o2_run001.txt,fea8027b7af760c3b92431725c00ebdcd8bb00a3dbf8b22a89f7bed24adf45dc,2026-07-29T22:11:02.203608+00:00
stm32f4_mlkem512_168mhz_o2,1,renode_simulation,STM32F407VGT6,platforms/boards/stm32f4_discovery.repl,Cortex-M4,168,ML-KEM-512,-O2,5,143472,854,160104,953,189168,1126,0,0,0,N/A,143472|160104|189168,19148,1092,96,3840,20336,3936,9716,13652,PASS,SUCCESS,arm-none-eabi-gcc 13.3.1,Renode v1.16.1.19220,unversioned-worktree,7b92703681d14cc3a42a316045eff82f51ad9b5f26bcb4b0d8c2085d5135d867,stm32f4_mlkem512_168mhz_o2_run001.txt,fa8acea7b00ee3fb38553bd8c4a380cc795c3f308a674adaacfd187758138fbf,2026-07-29T22:11:02.203608+00:00
stm32f4_mlkem512_48mhz_o2,1,renode_simulation,STM32F407VGT6,platforms/boards/stm32f4_discovery.repl,Cortex-M4,48,ML-KEM-512,-O2,5,40080,835,44784,933,53232,1109,3,0,0,N/A,40080|44784|53232,74588,2052,2184,4292,78824,6476,9724,16200,PASS,SUCCESS,arm-none-eabi-gcc 13.3.1,Renode v1.16.1.19220,unversioned-worktree,c9b5f9c1421a85b30bbe6138116fb00e86ea861b7cf80c17cc6d7e5c97c0628c,stm32f4_mlkem512_48mhz_o2_run001.txt,daec587b5948b2de7dc2964548d62195cc9279ab034c5f39dc998acfe8005b0b,2026-07-29T22:11:02.203608+00:00
stm32f4_mlkem512_84mhz_o2,1,renode_simulation,STM32F407VGT6,platforms/boards/stm32f4_discovery.repl,Cortex-M4,84,ML-KEM-512,-O2,5,70140,835,78372,933,93156,1109,3,0,0,N/A,70140|78372|93156,74588,2052,2184,4292,78824,6476,9724,16200,PASS,SUCCESS,arm-none-eabi-gcc 13.3.1,Renode v1.16.1.19220,unversioned-worktree,f6ebf127774c453811f9d655f2301429e68461803014f9b325297109ef45d7c4,stm32f4_mlkem512_84mhz_o2_run001.txt,d234c2100f5da827dd69469fefbff56e44ef6ae61f4ff5d64f41c7bea4a45227,2026-07-29T22:11:02.203608+00:00
stm32f4_mlkem512_168mhz_o2,2,renode_simulation,STM32F407VGT6,platforms/boards/stm32f4_discovery.repl,Cortex-M4,168,ML-KEM-512,-O2,5,143472,854,160104,953,189168,1126,0,0,0,N/A,143472|160104|189168,19148,1092,96,3840,20336,3936,9724,13660,PASS,SUCCESS,arm-none-eabi-gcc 13.3.1,Renode v1.16.1.19220,unversioned-worktree,7b92703681d14cc3a42a316045eff82f51ad9b5f26bcb4b0d8c2085d5135d867,stm32f4_mlkem512_168mhz_o2.txt,cca99c43f8ab753d12b4df3969e7b3baeba6bd907782446fa8fc7efc8be6257f,2026-07-29T22:11:02.203608+00:00
stm32f4_mlkem512_120mhz_o3,1,renode_simulation,STM32F407VGT6,platforms/boards/stm32f4_discovery.repl,Cortex-M4,120,ML-KEM-512,-O3,5,91200,760,102120,851,123600,1030,3,0,0,N/A,91200|102120|123600,85996,2052,2184,4308,90232,6492,9760,16252,PASS,SUCCESS,arm-none-eabi-gcc 13.3.1,Renode v1.16.1.19220,unversioned-worktree,e51a06b18d50017ba24c54ea415966577422f7269d19e74d83d5e0ee493464cb,stm32f4_mlkem512_120mhz_o3_run001.txt,083aa01921c530cd26a35d58b0e6f98ab447564b3257ff3fc46cca696ba65d3e,2026-07-29T22:11:02.203608+00:00
stm32f4_mlkem512_168mhz_o3,1,renode_simulation,STM32F407VGT6,platforms/boards/stm32f4_discovery.repl,Cortex-M4,168,ML-KEM-512,-O3,5,130872,779,146328,871,176064,1048,0,0,0,N/A,130872|146328|176064,21820,1092,96,3848,23008,3944,9756,13700,PASS,SUCCESS,arm-none-eabi-gcc 13.3.1,Renode v1.16.1.19220,unversioned-worktree,9bf9a1f8b63e29d09f35527250f260c2b8a8811b5f4660157c1fc2d1a7e5bee8,stm32f4_mlkem512_168mhz_o3_run001.txt,a645168ab3d20f55848772c0a74649c616b8aa1ca80c85e5266dbf009588cef3,2026-07-29T22:11:02.203608+00:00
stm32f4_mlkem512_48mhz_o3,1,renode_simulation,STM32F407VGT6,platforms/boards/stm32f4_discovery.repl,Cortex-M4,48,ML-KEM-512,-O3,5,36480,760,40848,851,49440,1030,3,0,0,N/A,36480|40848|49440,85996,2052,2184,4308,90232,6492,9760,16252,PASS,SUCCESS,arm-none-eabi-gcc 13.3.1,Renode v1.16.1.19220,unversioned-worktree,0a8f8d0b41f607f576fe9b61fff36b557c37d0fefeb1474871da4c41a4f04496,stm32f4_mlkem512_48mhz_o3_run001.txt,67cf5616cdecac78af0a0a274565fb7553054647126a3b1f1056a3893f0977ee,2026-07-29T22:11:02.203608+00:00
stm32f4_mlkem512_84mhz_o3,1,renode_simulation,STM32F407VGT6,platforms/boards/stm32f4_discovery.repl,Cortex-M4,84,ML-KEM-512,-O3,5,63840,760,71484,851,86520,1030,3,0,0,N/A,63840|71484|86520,85996,2052,2184,4308,90232,6492,9760,16252,PASS,SUCCESS,arm-none-eabi-gcc 13.3.1,Renode v1.16.1.19220,unversioned-worktree,7237730f7bf4c8b394a09596d24bf407cdeb6f9c231ae020a8c6afd594650ee1,stm32f4_mlkem512_84mhz_o3_run001.txt,a25be8802d295f4cc40b40daec413e3869a4afe19851d14dc4d9d2e7e09f3f75,2026-07-29T22:11:02.203608+00:00
stm32f4_mlkem512_120mhz_os,1,renode_simulation,STM32F407VGT6,platforms/boards/stm32f4_discovery.repl,Cortex-M4,120,ML-KEM-512,-Os,5,92760,773,106320,886,129000,1075,1,0,0,N/A,92760|106320|129000,67476,2036,2184,4292,71696,6476,9756,16232,PASS,SUCCESS,arm-none-eabi-gcc 13.3.1,Renode v1.16.1.19220,unversioned-worktree,6fb97f1fd08c8039a20544c9742109b953b3c5d2028c5cdf13b7af03bc4a4ff2,stm32f4_mlkem512_120mhz_os_run001.txt,131a28951dc6ce4b456708109447a76d2b90ea113f75a3b71ad6dedc1e0ae3a2,2026-07-29T22:11:02.203608+00:00
stm32f4_mlkem512_168mhz_os,1,renode_simulation,STM32F407VGT6,platforms/boards/stm32f4_discovery.repl,Cortex-M4,168,ML-KEM-512,-Os,5,132888,791,151704,903,183456,1092,1,0,0,N/A,132888|151704|183456,17152,1076,96,3836,18324,3932,9756,13688,PASS,SUCCESS,arm-none-eabi-gcc 13.3.1,Renode v1.16.1.19220,unversioned-worktree,6eeb0787dcbd572ea7d54851b20e18fd459434c0b4a091143670541484fceb04,stm32f4_mlkem512_168mhz_os_run001.txt,59e7b15a00ec2266c6f0b84d0f95f3d348300e99ca4bb65134f5bc5495117b9b,2026-07-29T22:11:02.203608+00:00
stm32f4_mlkem512_48mhz_os,1,renode_simulation,STM32F407VGT6,platforms/boards/stm32f4_discovery.repl,Cortex-M4,48,ML-KEM-512,-Os,5,37104,773,42528,886,51600,1075,1,0,0,N/A,37104|42528|51600,67476,2036,2184,4292,71696,6476,9756,16232,PASS,SUCCESS,arm-none-eabi-gcc 13.3.1,Renode v1.16.1.19220,unversioned-worktree,04c7743747e862c80d84cb29b88bdd4891946f2f17b49bb454d4d8d829b4ef28,stm32f4_mlkem512_48mhz_os_run001.txt,2f54d9bc63156abf19f0812bef15b78a55d726bf9adf014e415703ad73bb0281,2026-07-29T22:11:02.203608+00:00
stm32f4_mlkem512_84mhz_os,1,renode_simulation,STM32F407VGT6,platforms/boards/stm32f4_discovery.repl,Cortex-M4,84,ML-KEM-512,-Os,5,64932,773,74424,886,90300,1075,1,0,0,N/A,64932|74424|90300,67476,2036,2184,4292,71696,6476,9756,16232,PASS,SUCCESS,arm-none-eabi-gcc 13.3.1,Renode v1.16.1.19220,unversioned-worktree,c1de7d380ce3b085dad31661bc9055fe80f4d409f66c1b17f89959a9533bf910,stm32f4_mlkem512_84mhz_os_run001.txt,988548cfcc7ac1a3e9dff842cc821c7fdd9af18d756313f373c0cddbd9e6d958,2026-07-29T22:11:02.203608+00:00
stm32f4_mlkem512_120mhz_ofast,1,renode_simulation,STM32F407VGT6,platforms/boards/stm32f4_discovery.repl,Cortex-M4,120,ML-KEM-512,-Ofast,5,91200,760,102120,851,123600,1030,3,0,0,N/A,91200|102120|123600,86012,2052,2184,4308,90248,6492,9760,16252,PASS,SUCCESS,arm-none-eabi-gcc 13.3.1,Renode v1.16.1.19220,unversioned-worktree,0f7f20e5cf410766db8bc8f9a2cc032ca015051b6660396d999c68fce9111abd,stm32f4_mlkem512_120mhz_ofast_run001.txt,083aa01921c530cd26a35d58b0e6f98ab447564b3257ff3fc46cca696ba65d3e,2026-07-29T22:11:02.203608+00:00
stm32f4_mlkem512_168mhz_ofast,1,renode_simulation,STM32F407VGT6,platforms/boards/stm32f4_discovery.repl,Cortex-M4,168,ML-KEM-512,-Ofast,5,127680,760,142968,851,173040,1030,3,0,0,N/A,127680|142968|173040,86012,2052,2184,4308,90248,6492,9760,16252,PASS,SUCCESS,arm-none-eabi-gcc 13.3.1,Renode v1.16.1.19220,unversioned-worktree,8dcd5cdd7591c4419d5b2efd73026fc7a576d9b3e5cdde582d88f8ed3b0e4681,stm32f4_mlkem512_168mhz_ofast_run001.txt,23806b6c2a8a8a3c1059b008e4175fb3b690c2e8303b95b1e4f5b1c26585f2e2,2026-07-29T22:11:02.203608+00:00
stm32f4_mlkem512_48mhz_ofast,1,renode_simulation,STM32F407VGT6,platforms/boards/stm32f4_discovery.repl,Cortex-M4,48,ML-KEM-512,-Ofast,5,36480,760,40848,851,49440,1030,3,0,0,N/A,36480|40848|49440,86012,2052,2184,4308,90248,6492,9760,16252,PASS,SUCCESS,arm-none-eabi-gcc 13.3.1,Renode v1.16.1.19220,unversioned-worktree,1bdb1553892b700f49f92277646c241ce43056bbf73fbbf0aa951d5761e29df9,stm32f4_mlkem512_48mhz_ofast_run001.txt,67cf5616cdecac78af0a0a274565fb7553054647126a3b1f1056a3893f0977ee,2026-07-29T22:11:02.203608+00:00
stm32f4_mlkem512_84mhz_ofast,1,renode_simulation,STM32F407VGT6,platforms/boards/stm32f4_discovery.repl,Cortex-M4,84,ML-KEM-512,-Ofast,5,63840,760,71484,851,86520,1030,3,0,0,N/A,63840|71484|86520,86012,2052,2184,4308,90248,6492,9760,16252,PASS,SUCCESS,arm-none-eabi-gcc 13.3.1,Renode v1.16.1.19220,unversioned-worktree,f7f371b801ca00346d7906c02e9508ac3bc3ba0203e73c32ed2e8a4ee6e200de,stm32f4_mlkem512_84mhz_ofast_run001.txt,a25be8802d295f4cc40b40daec413e3869a4afe19851d14dc4d9d2e7e09f3f75,2026-07-29T22:11:02.203608+00:00
stm32f4_mlkem768_120mhz_o0,1,renode_simulation,STM32F407VGT6,platforms/boards/stm32f4_discovery.repl,Cortex-M4,120,ML-KEM-768,-O0,5,508920,4241,596640,4972,719400,5995,25,26,26,N/A,508920|596640|719400,116164,2052,2184,5764,120400,7948,17408,25356,PASS,SUCCESS,arm-none-eabi-gcc 13.3.1,Renode v1.16.1.19220,unversioned-worktree,fc10045a587159a43b8e90819a3fb3a5cd3d1cc15f4b170c1e33d03d1349ac6c,stm32f4_mlkem768_120mhz_o0_run001.txt,e853011ade740a1d76b49a3f7a60f2d3f7847e3f63bb11546eac4e28c7c85fa1,2026-07-29T22:11:02.203608+00:00
stm32f4_mlkem768_168mhz_o0,1,renode_simulation,STM32F407VGT6,platforms/boards/stm32f4_discovery.repl,Cortex-M4,168,ML-KEM-768,-O0,5,713496,4247,835632,4974,1007496,5997,24,26,26,N/A,713496|835632|1007496,37776,1092,96,5308,38964,5404,17408,22812,PASS,SUCCESS,arm-none-eabi-gcc 13.3.1,Renode v1.16.1.19220,unversioned-worktree,eabc01feeba0f6c64ecc73a634e8cbc78b3edc3971b1f541564156efd97a1346,stm32f4_mlkem768_168mhz_o0_run001.txt,1a643220d8ed92f495ada0d3614bdafce763d69907cb4f1ba01e553d52dfe568,2026-07-29T22:11:02.203608+00:00
stm32f4_mlkem768_48mhz_o0,1,renode_simulation,STM32F407VGT6,platforms/boards/stm32f4_discovery.repl,Cortex-M4,48,ML-KEM-768,-O0,5,203568,4241,238656,4972,287760,5995,25,26,26,N/A,203568|238656|287760,116164,2052,2184,5764,120400,7948,17408,25356,PASS,SUCCESS,arm-none-eabi-gcc 13.3.1,Renode v1.16.1.19220,unversioned-worktree,d123eef915d952892814aa52d57ab2307ac9e36bf1b46cfbd04415fdd96d0e46,stm32f4_mlkem768_48mhz_o0_run001.txt,3dc9b32fef0365f59679cdfbdd276bbb67ec3e8ddf668a82cfdb7459b4aedf52,2026-07-29T22:11:02.203608+00:00
stm32f4_mlkem768_84mhz_o0,1,renode_simulation,STM32F407VGT6,platforms/boards/stm32f4_discovery.repl,Cortex-M4,84,ML-KEM-768,-O0,5,356244,4241,417648,4972,503580,5995,25,26,26,N/A,356244|417648|503580,116164,2052,2184,5764,120400,7948,17408,25356,PASS,SUCCESS,arm-none-eabi-gcc 13.3.1,Renode v1.16.1.19220,unversioned-worktree,d5253c9672cc07e731f51d10edfcd2665e29ee10656c4773738cc7af6489007f,stm32f4_mlkem768_84mhz_o0_run001.txt,0c6c76a8bf3f2aa9ed34e58c50cc7aec47473082e1735a76ed7f1d2500e9e349,2026-07-29T22:11:02.203608+00:00
stm32f4_mlkem768_120mhz_o1,1,renode_simulation,STM32F407VGT6,platforms/boards/stm32f4_discovery.repl,Cortex-M4,120,ML-KEM-768,-O1,5,156000,1300,175800,1465,204600,1705,8,9,8,N/A,156000|175800|204600,76868,2052,2184,5764,81104,7948,14704,22652,PASS,SUCCESS,arm-none-eabi-gcc 13.3.1,Renode v1.16.1.19220,unversioned-worktree,7e7f64366011777693ced6e8f6a43a008452a8fa5fd60f4952e0c9e8ee79fa37,stm32f4_mlkem768_120mhz_o1_run001.txt,ad381e599c2e48519224f98289fe150a50f0c452bca7e1b38296d04fd3d5f481,2026-07-29T22:11:02.203608+00:00
stm32f4_mlkem768_168mhz_o1,1,renode_simulation,STM32F407VGT6,platforms/boards/stm32f4_discovery.repl,Cortex-M4,168,ML-KEM-768,-O1,5,219240,1305,245952,1464,286272,1704,9,8,9,N/A,219240|245952|286272,19112,1092,96,5308,20300,5404,14704,20108,PASS,SUCCESS,arm-none-eabi-gcc 13.3.1,Renode v1.16.1.19220,unversioned-worktree,e452f98952581983a315972486cd49b923f93d04f16424adfe6b725c403dd88d,stm32f4_mlkem768_168mhz_o1_run001.txt,014d364d3552fb6266ad70a69dcbbabdae362e99e5fada37717991271ce2b78f,2026-07-29T22:11:02.203608+00:00
stm32f4_mlkem768_48mhz_o1,1,renode_simulation,STM32F407VGT6,platforms/boards/stm32f4_discovery.repl,Cortex-M4,48,ML-KEM-768,-O1,5,62400,1300,70320,1465,81840,1705,8,9,8,N/A,62400|70320|81840,76868,2052,2184,5764,81104,7948,14704,22652,PASS,SUCCESS,arm-none-eabi-gcc 13.3.1,Renode v1.16.1.19220,unversioned-worktree,0c8c6e53f452046678a6ead1b0000061eaef5ccbdeb79e1813bfc653aebc60b1,stm32f4_mlkem768_48mhz_o1_run001.txt,63e191bbfb4a62ddd23b205c3197a4362abc57992e891c3329492241a7adb85e,2026-07-29T22:11:02.203608+00:00
stm32f4_mlkem768_84mhz_o1,1,renode_simulation,STM32F407VGT6,platforms/boards/stm32f4_discovery.repl,Cortex-M4,84,ML-KEM-768,-O1,5,109200,1300,123060,1465,143220,1705,8,9,8,N/A,109200|123060|143220,76868,2052,2184,5764,81104,7948,14704,22652,PASS,SUCCESS,arm-none-eabi-gcc 13.3.1,Renode v1.16.1.19220,unversioned-worktree,68a18629b2c72b5f523076cab2e268b3c03ac216e47cbf016f8f773381237214,stm32f4_mlkem768_84mhz_o1_run001.txt,1a5d009936e010bc0d7cf946d6d4d0128996bc177a54377e1a834d5540dee031,2026-07-29T22:11:02.203608+00:00
stm32f4_mlkem768_168mhz_o1,2,renode_simulation,STM32F407VGT6,platforms/boards/stm32f4_discovery.repl,Cortex-M4,168,ML-KEM-768,-O1,5,219072,1304,246120,1465,286440,1705,8,9,9,N/A,219072|246120|286440,19112,1092,96,5308,20300,5404,14704,20108,PASS,SUCCESS,arm-none-eabi-gcc 13.3.1,Renode v1.16.1.19220,unversioned-worktree,e452f98952581983a315972486cd49b923f93d04f16424adfe6b725c403dd88d,stm32f4_mlkem768_168mhz_o1.txt,c0a5c0c3f9c441057e06a249b968478a537b01d274a29996465c5560f53d07e8,2026-07-29T22:11:02.203608+00:00
stm32f4_mlkem768_120mhz_o2,1,renode_simulation,STM32F407VGT6,platforms/boards/stm32f4_discovery.repl,Cortex-M4,120,ML-KEM-768,-O2,5,165120,1376,185040,1542,212760,1773,9,10,10,N/A,165120|185040|212760,74460,2052,2184,5764,78696,7948,14644,22592,PASS,SUCCESS,arm-none-eabi-gcc 13.3.1,Renode v1.16.1.19220,unversioned-worktree,efe3c602568eceb0828fde09349c403dddbae64240fbc6780484d036bd635823,stm32f4_mlkem768_120mhz_o2_run001.txt,070c1e9862ce9e2d593ec89fcca56ae4ea846b260013b632c284dab2cf7f5cbb,2026-07-29T22:11:02.203608+00:00
stm32f4_mlkem768_168mhz_o2,1,renode_simulation,STM32F407VGT6,platforms/boards/stm32f4_discovery.repl,Cortex-M4,168,ML-KEM-768,-O2,5,236880,1410,264432,1574,303240,1805,9,10,10,N/A,236880|264432|303240,19028,1092,96,5312,20216,5408,14644,20052,PASS,SUCCESS,arm-none-eabi-gcc 13.3.1,Renode v1.16.1.19220,unversioned-worktree,5f1ec2c1c686a591efbd0a5bf3ec6281a2e661375a4bcdc96867ae7f6de66173,stm32f4_mlkem768_168mhz_o2_run001.txt,a690dee805266f7af7f3e8ae5e593492f2e79e966e1ea8984200fcfa385679a2,2026-07-29T22:11:02.203608+00:00
stm32f4_mlkem768_48mhz_o2,1,renode_simulation,STM32F407VGT6,platforms/boards/stm32f4_discovery.repl,Cortex-M4,48,ML-KEM-768,-O2,5,66048,1376,74016,1542,85104,1773,9,10,10,N/A,66048|74016|85104,74460,2052,2184,5764,78696,7948,14644,22592,PASS,SUCCESS,arm-none-eabi-gcc 13.3.1,Renode v1.16.1.19220,unversioned-worktree,4a5b38e2ecd701ab807507d5b7e384cf0a2fbbbacdd4202f21f4bb47f8a1ce33,stm32f4_mlkem768_48mhz_o2_run001.txt,f28cf450401cacbe8a2aa3f6177be8688e438f95af713cada8dc699d91124ab0,2026-07-29T22:11:02.203608+00:00
stm32f4_mlkem768_84mhz_o2,1,renode_simulation,STM32F407VGT6,platforms/boards/stm32f4_discovery.repl,Cortex-M4,84,ML-KEM-768,-O2,5,115584,1376,129528,1542,148932,1773,9,10,10,N/A,115584|129528|148932,74460,2052,2184,5764,78696,7948,14644,22592,PASS,SUCCESS,arm-none-eabi-gcc 13.3.1,Renode v1.16.1.19220,unversioned-worktree,c7d48ee984600c98223e307ce33fb33e1c125b74f7079830524800b66865bc74,stm32f4_mlkem768_84mhz_o2_run001.txt,2273cb0962873ab8e66949d79fa2ae5e60c6cda96ad5d086feb5c6a4819f4b08,2026-07-29T22:11:02.203608+00:00
stm32f4_mlkem768_120mhz_o3,1,renode_simulation,STM32F407VGT6,platforms/boards/stm32f4_discovery.repl,Cortex-M4,120,ML-KEM-768,-O3,5,149880,1249,168360,1403,196800,1640,8,9,9,N/A,149880|168360|196800,85868,2052,2184,5780,90104,7964,14680,22644,PASS,SUCCESS,arm-none-eabi-gcc 13.3.1,Renode v1.16.1.19220,unversioned-worktree,efcfda4b5b1c1f46cd311603ff58521c3872a81ee76c9c90598339859bad97e5,stm32f4_mlkem768_120mhz_o3_run001.txt,8036f70f52d730c2b34925746867e6bc064d9b15b0c95b4cfb1dbb8cf14cd414,2026-07-29T22:11:02.203608+00:00
stm32f4_mlkem768_168mhz_o3,1,renode_simulation,STM32F407VGT6,platforms/boards/stm32f4_discovery.repl,Cortex-M4,168,ML-KEM-768,-O3,5,215544,1283,241248,1436,280728,1671,8,9,9,N/A,215544|241248|280728,21708,1092,96,5320,22896,5416,14676,20092,PASS,SUCCESS,arm-none-eabi-gcc 13.3.1,Renode v1.16.1.19220,unversioned-worktree,13dc3011527616e1703f7f855f586d365cbc63161bf87ce1fa562e9df2adf097,stm32f4_mlkem768_168mhz_o3_run001.txt,b9f1590cc0f1bd08f37ed5913ea0161464abf8d222f1237542ab97acf50198bd,2026-07-29T22:11:02.203608+00:00
stm32f4_mlkem768_48mhz_o3,1,renode_simulation,STM32F407VGT6,platforms/boards/stm32f4_discovery.repl,Cortex-M4,48,ML-KEM-768,-O3,5,59952,1249,67344,1403,78720,1640,8,9,9,N/A,59952|67344|78720,85868,2052,2184,5780,90104,7964,14680,22644,PASS,SUCCESS,arm-none-eabi-gcc 13.3.1,Renode v1.16.1.19220,unversioned-worktree,a4d7ac754498ad20a5554a0f3696ea078ad58c3cc53f273a8ed6ecf6aca3fad6,stm32f4_mlkem768_48mhz_o3_run001.txt,ce47b4f408e99c8197ecb0efbfb3970439f22a582e28fe879129a82b556baac9,2026-07-29T22:11:02.203608+00:00
stm32f4_mlkem768_84mhz_o3,1,renode_simulation,STM32F407VGT6,platforms/boards/stm32f4_discovery.repl,Cortex-M4,84,ML-KEM-768,-O3,5,104916,1249,117852,1403,137760,1640,8,9,9,N/A,104916|117852|137760,85868,2052,2184,5780,90104,7964,14680,22644,PASS,SUCCESS,arm-none-eabi-gcc 13.3.1,Renode v1.16.1.19220,unversioned-worktree,a3f42d5ea3ae16cd0bcb0cc54b65f81dfe48060f7aa2feabd531c490db8fb0d4,stm32f4_mlkem768_84mhz_o3_run001.txt,56f62132cc778f780b017f0c11f93524ee49d12110ca0fb882c91a44a2080e15,2026-07-29T22:11:02.203608+00:00
stm32f4_mlkem768_120mhz_os,1,renode_simulation,STM32F407VGT6,platforms/boards/stm32f4_discovery.repl,Cortex-M4,120,ML-KEM-768,-Os,5,153000,1275,174360,1453,204240,1702,8,9,9,N/A,153000|174360|204240,67476,2036,2184,5764,71696,7948,14684,22632,PASS,SUCCESS,arm-none-eabi-gcc 13.3.1,Renode v1.16.1.19220,unversioned-worktree,b4429bbd0b12330bce722718816877b295e601ef163447fd619daf6c3f5af58d,stm32f4_mlkem768_120mhz_os_run001.txt,ee64485ba28de19c4e5c899119df9176abcbd74357d3bfd0b491e30b17c1746f,2026-07-29T22:11:02.203608+00:00
stm32f4_mlkem768_168mhz_os,1,renode_simulation,STM32F407VGT6,platforms/boards/stm32f4_discovery.repl,Cortex-M4,168,ML-KEM-768,-Os,5,219576,1307,249144,1483,290808,1731,8,9,9,N/A,219576|249144|290808,17136,1076,96,5308,18308,5404,14684,20088,PASS,SUCCESS,arm-none-eabi-gcc 13.3.1,Renode v1.16.1.19220,unversioned-worktree,f41cf91e4d8b43e0892fe97d78497ef26289e47bb720091482c4253389530815,stm32f4_mlkem768_168mhz_os_run001.txt,3f89a5f3df50ca19a5269a0b803e11f1624ededf67ef1fc8fed48d3ad2a4aaa0,2026-07-29T22:11:02.203608+00:00
stm32f4_mlkem768_48mhz_os,1,renode_simulation,STM32F407VGT6,platforms/boards/stm32f4_discovery.repl,Cortex-M4,48,ML-KEM-768,-Os,5,61200,1275,69744,1453,81696,1702,8,9,9,N/A,61200|69744|81696,67476,2036,2184,5764,71696,7948,14684,22632,PASS,SUCCESS,arm-none-eabi-gcc 13.3.1,Renode v1.16.1.19220,unversioned-worktree,25a306a335cdd73832b117cfc00c63070b5a0c886fab84e179e376ed4211dda7,stm32f4_mlkem768_48mhz_os_run001.txt,a9236586004ca4114fdf40ebce67dd84a98d719106fb4a592d81ee1f9918cd99,2026-07-29T22:11:02.203608+00:00
stm32f4_mlkem768_84mhz_os,1,renode_simulation,STM32F407VGT6,platforms/boards/stm32f4_discovery.repl,Cortex-M4,84,ML-KEM-768,-Os,5,107100,1275,122052,1453,142968,1702,8,9,9,N/A,107100|122052|142968,67476,2036,2184,5764,71696,7948,14684,22632,PASS,SUCCESS,arm-none-eabi-gcc 13.3.1,Renode v1.16.1.19220,unversioned-worktree,264ce354d744552b52f4adf3f4aba9aa9881591bfc0d7ad32c0b1876c6682378,stm32f4_mlkem768_84mhz_os_run001.txt,9e7c77e97d6574b4bc4010979689527601279e8820d0acde76c6059f60c69abc,2026-07-29T22:11:02.203608+00:00
stm32f4_mlkem768_120mhz_ofast,1,renode_simulation,STM32F407VGT6,platforms/boards/stm32f4_discovery.repl,Cortex-M4,120,ML-KEM-768,-Ofast,5,149880,1249,168360,1403,196800,1640,8,9,9,N/A,149880|168360|196800,85884,2052,2184,5780,90120,7964,14680,22644,PASS,SUCCESS,arm-none-eabi-gcc 13.3.1,Renode v1.16.1.19220,unversioned-worktree,3b8a69722cdb287f11f50e8ea66f6a4fc03b8c5e7ed5ecce6dfe1ba714f42f86,stm32f4_mlkem768_120mhz_ofast_run001.txt,8036f70f52d730c2b34925746867e6bc064d9b15b0c95b4cfb1dbb8cf14cd414,2026-07-29T22:11:02.203608+00:00
stm32f4_mlkem768_168mhz_ofast,1,renode_simulation,STM32F407VGT6,platforms/boards/stm32f4_discovery.repl,Cortex-M4,168,ML-KEM-768,-Ofast,5,209832,1249,235704,1403,275520,1640,8,9,9,N/A,209832|235704|275520,85884,2052,2184,5780,90120,7964,14680,22644,PASS,SUCCESS,arm-none-eabi-gcc 13.3.1,Renode v1.16.1.19220,unversioned-worktree,74ce0e3e8c0be8b6cd7fec118da20425f961deab8052c31f165161b0ac906a22,stm32f4_mlkem768_168mhz_ofast_run001.txt,fc4a3b66c50b7f6d905fe9df90821157663bb530af8391a98cffd022f60f165a,2026-07-29T22:11:02.203608+00:00
stm32f4_mlkem768_48mhz_ofast,1,renode_simulation,STM32F407VGT6,platforms/boards/stm32f4_discovery.repl,Cortex-M4,48,ML-KEM-768,-Ofast,5,59952,1249,67344,1403,78720,1640,8,9,9,N/A,59952|67344|78720,85884,2052,2184,5780,90120,7964,14680,22644,PASS,SUCCESS,arm-none-eabi-gcc 13.3.1,Renode v1.16.1.19220,unversioned-worktree,624868d86fc1d793a8ca1fcf0495f896c2902b8eb7573e3d3fd94407a21f48e0,stm32f4_mlkem768_48mhz_ofast_run001.txt,ce47b4f408e99c8197ecb0efbfb3970439f22a582e28fe879129a82b556baac9,2026-07-29T22:11:02.203608+00:00
stm32f4_mlkem768_84mhz_ofast,1,renode_simulation,STM32F407VGT6,platforms/boards/stm32f4_discovery.repl,Cortex-M4,84,ML-KEM-768,-Ofast,5,104916,1249,117852,1403,137760,1640,8,9,9,N/A,104916|117852|137760,85884,2052,2184,5780,90120,7964,14680,22644,PASS,SUCCESS,arm-none-eabi-gcc 13.3.1,Renode v1.16.1.19220,unversioned-worktree,025e301bfd9eb433cdb99fbd13160c25f38226c0106b676a2458be0ad8007a04,stm32f4_mlkem768_84mhz_ofast_run001.txt,56f62132cc778f780b017f0c11f93524ee49d12110ca0fb882c91a44a2080e15,2026-07-29T22:11:02.203608+00:00
stm32h7_mlkem1024_120mhz_o0,1,renode_simulation,STM32H753ZIT6,platforms/boards/nucleo_h753zi.repl,Cortex-M7,120,ML-KEM-1024,-O0,5,26042760,217023,29444880,245374,34611840,288432,68,42,44,N/A,26042760|29444880|34611840,157160,2084,2192,7552,161436,9744,23536,33280,PASS,SUCCESS,arm-none-eabi-gcc 13.3.1,Renode v1.16.1.19220,unversioned-worktree,f5f676841d95614155f87042cc376783ef4f60bbf45412e8246b0bdefe8cb446,stm32h7_mlkem1024_120mhz_o0_run001.txt,c704aa434698b412014bd88345550ee90cd55c7b0a28cb19ae627fddb8388533,2026-07-29T22:11:02.203608+00:00
stm32h7_mlkem1024_200mhz_o0,1,renode_simulation,STM32H753ZIT6,platforms/boards/nucleo_h753zi.repl,Cortex-M7,200,ML-KEM-1024,-O0,5,43404600,217023,49074800,245374,57686400,288432,68,42,44,N/A,43404600|49074800|57686400,157160,2084,2192,7552,161436,9744,23536,33280,PASS,SUCCESS,arm-none-eabi-gcc 13.3.1,Renode v1.16.1.19220,unversioned-worktree,a7bd7bd0451137a286b6e945118dbeeb65d6ad7ca78087667b0d9c566c9876a3,stm32h7_mlkem1024_200mhz_o0_run001.txt,08b76fc8e602e5ee4de24bb514cb75f586c5673b7268cbfe74ec82a5539283e5,2026-07-29T22:11:02.203608+00:00
stm32h7_mlkem1024_480mhz_o0,1,renode_simulation,STM32H753ZIT6,platforms/boards/nucleo_h753zi.repl,Cortex-M7,480,ML-KEM-1024,-O0,5,104171040,217023,117779520,245374,138447360,288432,68,42,44,N/A,104171040|117779520|138447360,157160,2084,2192,7552,161436,9744,23536,33280,PASS,SUCCESS,arm-none-eabi-gcc 13.3.1,Renode v1.16.1.19220,unversioned-worktree,6c679b78fc1f8cc5b3c5d4a70b9c059be20d865a2472a89057d397bc857d69ab,stm32h7_mlkem1024_480mhz_o0_run001.txt,0e67b281341378fb0c9c304430299c5b80fbc3f8af2e01f7fe05e0f143cb834b,2026-07-29T22:11:02.203608+00:00
stm32h7_mlkem1024_64mhz_o0,1,renode_simulation,STM32H753ZIT6,platforms/boards/nucleo_h753zi.repl,Cortex-M7,64,ML-KEM-1024,-O0,5,13909376,217334,15709568,245462,18465088,288517,89,48,47,N/A,13909376|15709568|18465088,42056,1108,100,7096,43264,7196,23536,30732,PASS,SUCCESS,arm-none-eabi-gcc 13.3.1,Renode v1.16.1.19220,unversioned-worktree,52e53b72b609ceca3895d1494d5837c2bf26897d8104c601e31c4ef67a0652eb,stm32h7_mlkem1024_64mhz_o0_run001.txt,c38545e1c07568a0d315817bdec816f051bf1a72108cd4323d7acec5650b3f5d,2026-07-29T22:11:02.203608+00:00
stm32h7_mlkem1024_64mhz_o0,2,renode_simulation,STM32H753ZIT6,platforms/boards/nucleo_h753zi.repl,Cortex-M7,64,ML-KEM-1024,-O0,5,13909376,217334,15709568,245462,18465088,288517,89,48,47,N/A,13909376|15709568|18465088,42056,1108,100,7096,43264,7196,23536,30732,PASS,SUCCESS,arm-none-eabi-gcc 13.3.1,Renode v1.16.1.19220,unversioned-worktree,52e53b72b609ceca3895d1494d5837c2bf26897d8104c601e31c4ef67a0652eb,stm32h7_mlkem1024_64mhz_o0.txt,c38545e1c07568a0d315817bdec816f051bf1a72108cd4323d7acec5650b3f5d,2026-07-29T22:11:02.203608+00:00
stm32h7_mlkem1024_120mhz_o1,1,renode_simulation,STM32H753ZIT6,platforms/boards/nucleo_h753zi.repl,Cortex-M7,120,ML-KEM-1024,-O1,5,8005200,66710,8759400,72995,9965640,83047,43,14,14,N/A,8005200|8759400|9965640,104680,2084,2192,7552,108956,9744,20972,30716,PASS,SUCCESS,arm-none-eabi-gcc 13.3.1,Renode v1.16.1.19220,unversioned-worktree,31e585fe8a0e4fb25d52e7ed13a2a2bbbcc0dfcdac8eef93727c7d62ac30f598,stm32h7_mlkem1024_120mhz_o1_run001.txt,fd6163f8ce5a75131b2a79ec5eef04354255a0fb5b7cbac64ede8e06bce2ad13,2026-07-29T22:11:02.203608+00:00
stm32h7_mlkem1024_200mhz_o1,1,renode_simulation,STM32H753ZIT6,platforms/boards/nucleo_h753zi.repl,Cortex-M7,200,ML-KEM-1024,-O1,5,13342000,66710,14599000,72995,16609400,83047,43,14,14,N/A,13342000|14599000|16609400,104680,2084,2192,7552,108956,9744,20972,30716,PASS,SUCCESS,arm-none-eabi-gcc 13.3.1,Renode v1.16.1.19220,unversioned-worktree,f690f4661ff97ca4a4b0507dc67bc896c4430f46e61d0f48dc2dd8c48633b317,stm32h7_mlkem1024_200mhz_o1_run001.txt,85bef4efbf082bedf058420ea2e5ed268ca8b148a46a3c72e394732b9bdab90b,2026-07-29T22:11:02.203608+00:00
stm32h7_mlkem1024_480mhz_o1,1,renode_simulation,STM32H753ZIT6,platforms/boards/nucleo_h753zi.repl,Cortex-M7,480,ML-KEM-1024,-O1,5,32020800,66710,35037600,72995,39862560,83047,43,14,14,N/A,32020800|35037600|39862560,104680,2084,2192,7552,108956,9744,20972,30716,PASS,SUCCESS,arm-none-eabi-gcc 13.3.1,Renode v1.16.1.19220,unversioned-worktree,cc8a922ee26ef2f9e807eea8b66607018dcb91b0206da29d4e8ee46dcdde343b,stm32h7_mlkem1024_480mhz_o1_run001.txt,5edcad08aed8fc97aee6d83e0fc921bae2e8af65da5f602da943caf79e9ca88d,2026-07-29T22:11:02.203608+00:00
stm32h7_mlkem1024_64mhz_o1,1,renode_simulation,STM32H753ZIT6,platforms/boards/nucleo_h753zi.repl,Cortex-M7,64,ML-KEM-1024,-O1,5,4282752,66918,4668736,72949,5311680,82995,70,20,19,N/A,4282752|4668736|5311680,22448,1108,100,7096,23656,7196,20964,28160,PASS,SUCCESS,arm-none-eabi-gcc 13.3.1,Renode v1.16.1.19220,unversioned-worktree,12ede0c06c3f05c38cc0788c241e244e7a87097efc89e0acfa0e64a0f8e98c13,stm32h7_mlkem1024_64mhz_o1_run001.txt,ba9851fd765966c5d540ab0a7737a7c831bb89f736ce7566da5f3748eed5ff8e,2026-07-29T22:11:02.203608+00:00
stm32h7_mlkem1024_64mhz_o1,2,renode_simulation,STM32H753ZIT6,platforms/boards/nucleo_h753zi.repl,Cortex-M7,64,ML-KEM-1024,-O1,5,4282816,66919,4670336,72974,5313600,83025,70,20,19,N/A,4282816|4670336|5313600,22448,1108,100,7096,23656,7196,20972,28168,PASS,SUCCESS,arm-none-eabi-gcc 13.3.1,Renode v1.16.1.19220,unversioned-worktree,12ede0c06c3f05c38cc0788c241e244e7a87097efc89e0acfa0e64a0f8e98c13,stm32h7_mlkem1024_64mhz_o1.txt,7086880632077381c45f440fd47c00f8dcec8fd259537ff3c53361aaa04bc7d5,2026-07-29T22:11:02.203608+00:00
stm32h7_mlkem1024_120mhz_o2,1,renode_simulation,STM32H753ZIT6,platforms/boards/nucleo_h753zi.repl,Cortex-M7,120,ML-KEM-1024,-O2,5,8479560,70663,9257520,77146,10421160,86843,39,13,13,N/A,8479560|9257520|10421160,97056,2212,2192,7552,101460,9744,20756,30500,PASS,SUCCESS,arm-none-eabi-gcc 13.3.1,Renode v1.16.1.19220,unversioned-worktree,d4373d0d9df320c9fdaf41cf5aba99c4c5414312d07c18463fe2f707593cf671,stm32h7_mlkem1024_120mhz_o2_run001.txt,1e9e0d67c72cd964ed58eb1c8552a934332d3e5d33600219ca69309dd6ad3602,2026-07-29T22:11:02.203608+00:00
stm32h7_mlkem1024_200mhz_o2,1,renode_simulation,STM32H753ZIT6,platforms/boards/nucleo_h753zi.repl,Cortex-M7,200,ML-KEM-1024,-O2,5,14132600,70663,15429200,77146,17368600,86843,39,13,13,N/A,14132600|15429200|17368600,97056,2212,2192,7552,101460,9744,20756,30500,PASS,SUCCESS,arm-none-eabi-gcc 13.3.1,Renode v1.16.1.19220,unversioned-worktree,7119930abcc8f1fc51a126f54148d4c744b9fb897907ec8b8e1186c223bcde80,stm32h7_mlkem1024_200mhz_o2_run001.txt,7d3627d62012d97b10ef8ab5a0cf225d4076f59d2f8b85a12f42bff486bfdc38,2026-07-29T22:11:02.203608+00:00
stm32h7_mlkem1024_480mhz_o2,1,renode_simulation,STM32H753ZIT6,platforms/boards/nucleo_h753zi.repl,Cortex-M7,480,ML-KEM-1024,-O2,5,33918240,70663,37030080,77146,41684640,86843,39,13,13,N/A,33918240|37030080|41684640,97056,2212,2192,7552,101460,9744,20756,30500,PASS,SUCCESS,arm-none-eabi-gcc 13.3.1,Renode v1.16.1.19220,unversioned-worktree,74812e2851e3a7d47f89bb003bae418bc1e83988acc9707540641ac23af0b25a,stm32h7_mlkem1024_480mhz_o2_run001.txt,5e2fed37b5c1b8c004b9381945ed73c739b47062839d757dee3a37156354f611,2026-07-29T22:11:02.203608+00:00
stm32h7_mlkem1024_64mhz_o2,1,renode_simulation,STM32H753ZIT6,platforms/boards/nucleo_h753zi.repl,Cortex-M7,64,ML-KEM-1024,-O2,5,4634432,72413,5037696,78714,5656448,88382,115,18,18,N/A,4634432|5037696|5656448,21852,1108,100,7096,23060,7196,20756,27952,PASS,SUCCESS,arm-none-eabi-gcc 13.3.1,Renode v1.16.1.19220,unversioned-worktree,8377e27b9458c466954523e21b90b6f780e2d6651208db4a59532951fb7d4eba,stm32h7_mlkem1024_64mhz_o2_run001.txt,dfaff599dcc2a47f14787904e823abaec5c2b6fc2546f61e794e2d58e0ef261b,2026-07-29T22:11:02.203608+00:00
stm32h7_mlkem1024_64mhz_o2,2,renode_simulation,STM32H753ZIT6,platforms/boards/nucleo_h753zi.repl,Cortex-M7,64,ML-KEM-1024,-O2,5,4634432,72413,5037696,78714,5656448,88382,114,18,18,N/A,4634432|5037696|5656448,21852,1108,100,7096,23060,7196,20756,27952,PASS,SUCCESS,arm-none-eabi-gcc 13.3.1,Renode v1.16.1.19220,unversioned-worktree,8377e27b9458c466954523e21b90b6f780e2d6651208db4a59532951fb7d4eba,stm32h7_mlkem1024_64mhz_o2.txt,0a6d7381025f061f3932eac0c291ba1cc02ca349c21f8fdc36428a61e6b284d5,2026-07-29T22:11:02.203608+00:00
stm32h7_mlkem1024_120mhz_o3,1,renode_simulation,STM32H753ZIT6,platforms/boards/nucleo_h753zi.repl,Cortex-M7,120,ML-KEM-1024,-O3,5,7689000,64075,8416800,70140,9601920,80016,39,12,11,N/A,7689000|8416800|9601920,111536,2212,2192,7564,115940,9756,19920,29676,PASS,SUCCESS,arm-none-eabi-gcc 13.3.1,Renode v1.16.1.19220,unversioned-worktree,189c4d1cfc53b482d05836c5f1dc8b171526de1d30468a64041894ae4dcd86c6,stm32h7_mlkem1024_120mhz_o3_run001.txt,40561250f7ae73fba47bde82f794377f5e61736a427706f1a0e2d7885e491688,2026-07-29T22:11:02.203608+00:00
stm32h7_mlkem1024_200mhz_o3,1,renode_simulation,STM32H753ZIT6,platforms/boards/nucleo_h753zi.repl,Cortex-M7,200,ML-KEM-1024,-O3,5,12815000,64075,14028000,70140,16003200,80016,39,12,11,N/A,12815000|14028000|16003200,111536,2212,2192,7564,115940,9756,19920,29676,PASS,SUCCESS,arm-none-eabi-gcc 13.3.1,Renode v1.16.1.19220,unversioned-worktree,a271ccf90b1bc563dc957ad4b99b39af0c00fdb51f617b9e4de4e05058cd1782,stm32h7_mlkem1024_200mhz_o3_run001.txt,ffae595aadbcdb9533a0b72c0e2448d5ed8c230e2eedb48ccf71730a917f271d,2026-07-29T22:11:02.203608+00:00
stm32h7_mlkem1024_480mhz_o3,1,renode_simulation,STM32H753ZIT6,platforms/boards/nucleo_h753zi.repl,Cortex-M7,480,ML-KEM-1024,-O3,5,30756000,64075,33667200,70140,38407680,80016,39,12,11,N/A,30756000|33667200|38407680,111536,2212,2192,7564,115940,9756,19920,29676,PASS,SUCCESS,arm-none-eabi-gcc 13.3.1,Renode v1.16.1.19220,unversioned-worktree,6e87ea20c09a480a133f5fdcc595a67669aa80b80f85a1c68bf037322b285a74,stm32h7_mlkem1024_480mhz_o3_run001.txt,e603975161d3f9a0aec9371ca58539727a46f56d30cdc0490b4a686409e02887,2026-07-29T22:11:02.203608+00:00
stm32h7_mlkem1024_64mhz_o3,1,renode_simulation,STM32H753ZIT6,platforms/boards/nucleo_h753zi.repl,Cortex-M7,64,ML-KEM-1024,-O3,5,4212416,65819,4588928,71702,5219200,81550,114,17,16,N/A,4212416|4588928|5219200,25772,1108,100,7104,26980,7204,19920,27124,PASS,SUCCESS,arm-none-eabi-gcc 13.3.1,Renode v1.16.1.19220,unversioned-worktree,ba07213355745df18352ccd060846bd2b0b82d1f991e42c1cc38a0783c388cd4,stm32h7_mlkem1024_64mhz_o3_run001.txt,4d6887ecb6a7a29d8d25ef78269434580c7a1730a77d5415e8900386098c456f,2026-07-29T22:11:02.203608+00:00
stm32h7_mlkem1024_64mhz_o3,2,renode_simulation,STM32H753ZIT6,platforms/boards/nucleo_h753zi.repl,Cortex-M7,64,ML-KEM-1024,-O3,5,4212416,65819,4588928,71702,5219200,81550,114,17,17,N/A,4212416|4588928|5219200,25772,1108,100,7104,26980,7204,19920,27124,PASS,SUCCESS,arm-none-eabi-gcc 13.3.1,Renode v1.16.1.19220,unversioned-worktree,ba07213355745df18352ccd060846bd2b0b82d1f991e42c1cc38a0783c388cd4,stm32h7_mlkem1024_64mhz_o3.txt,a6968ba40b4f91f55cd50f16cb2b3f65406e97c6a35076c579c6c118583835c9,2026-07-29T22:11:02.203608+00:00
stm32h7_mlkem1024_120mhz_os,1,renode_simulation,STM32H753ZIT6,platforms/boards/nucleo_h753zi.repl,Cortex-M7,120,ML-KEM-1024,-Os,5,7843080,65359,8671440,72262,9925200,82710,56,15,14,N/A,7843080|8671440|9925200,85144,2116,2192,7552,89452,9744,20820,30564,PASS,SUCCESS,arm-none-eabi-gcc 13.3.1,Renode v1.16.1.19220,unversioned-worktree,694aea81d7953660a547d0c783457a2344d0c344ec4d740e0e26fce61033307e,stm32h7_mlkem1024_120mhz_os_run001.txt,a98bbecaa988ab17a098a3b8bf43e73e0fc48d00bdb3e72233bd2f921a931087,2026-07-29T22:11:02.203608+00:00
stm32h7_mlkem1024_200mhz_os,1,renode_simulation,STM32H753ZIT6,platforms/boards/nucleo_h753zi.repl,Cortex-M7,200,ML-KEM-1024,-Os,5,13071800,65359,14452400,72262,16542000,82710,56,15,14,N/A,13071800|14452400|16542000,85144,2116,2192,7552,89452,9744,20820,30564,PASS,SUCCESS,arm-none-eabi-gcc 13.3.1,Renode v1.16.1.19220,unversioned-worktree,67d553c548ebf16acc135311569e14b0ab4b4b078fe409475e8612da6528aac8,stm32h7_mlkem1024_200mhz_os_run001.txt,526ccaf0a3e9591fc3bec483908185485d2796990bb841f4a1fcbcb713f73461,2026-07-29T22:11:02.203608+00:00
stm32h7_mlkem1024_480mhz_os,1,renode_simulation,STM32H753ZIT6,platforms/boards/nucleo_h753zi.repl,Cortex-M7,480,ML-KEM-1024,-Os,5,31372320,65359,34685760,72262,39700800,82710,56,15,14,N/A,31372320|34685760|39700800,85144,2116,2192,7552,89452,9744,20820,30564,PASS,SUCCESS,arm-none-eabi-gcc 13.3.1,Renode v1.16.1.19220,unversioned-worktree,1aad3740d30c80d14cbac4c3cb1d25aeec899965cbcb63c7009af3d80a49e328,stm32h7_mlkem1024_480mhz_os_run001.txt,625c4fff302ebe4f3877e601a605a017a270ae963bb0c26e692a9e6043a3910a,2026-07-29T22:11:02.203608+00:00
stm32h7_mlkem1024_64mhz_os,1,renode_simulation,STM32H753ZIT6,platforms/boards/nucleo_h753zi.repl,Cortex-M7,64,ML-KEM-1024,-Os,5,4286528,66977,4717696,73714,5385216,84144,83,20,19,N/A,4286528|4717696|5385216,19448,1092,100,7096,20640,7196,20820,28016,PASS,SUCCESS,arm-none-eabi-gcc 13.3.1,Renode v1.16.1.19220,unversioned-worktree,321095b7d0f1b154e8bf0162aa263fdc49094ea707b7bcb0c075cc075e4cccf2,stm32h7_mlkem1024_64mhz_os_run001.txt,e0e8a40ed21632729ccd4677e8a7d36835e2a8e3100edac7d074c5b177e36b92,2026-07-29T22:11:02.203608+00:00
stm32h7_mlkem1024_64mhz_os,2,renode_simulation,STM32H753ZIT6,platforms/boards/nucleo_h753zi.repl,Cortex-M7,64,ML-KEM-1024,-Os,5,4286528,66977,4717696,73714,5385216,84144,83,20,19,N/A,4286528|4717696|5385216,19448,1092,100,7096,20640,7196,20820,28016,PASS,SUCCESS,arm-none-eabi-gcc 13.3.1,Renode v1.16.1.19220,unversioned-worktree,321095b7d0f1b154e8bf0162aa263fdc49094ea707b7bcb0c075cc075e4cccf2,stm32h7_mlkem1024_64mhz_os.txt,e0e8a40ed21632729ccd4677e8a7d36835e2a8e3100edac7d074c5b177e36b92,2026-07-29T22:11:02.203608+00:00
stm32h7_mlkem1024_120mhz_ofast,1,renode_simulation,STM32H753ZIT6,platforms/boards/nucleo_h753zi.repl,Cortex-M7,120,ML-KEM-1024,-Ofast,5,7689000,64075,8416800,70140,9601920,80016,39,12,11,N/A,7689000|8416800|9601920,111552,2212,2192,7564,115956,9756,19920,29676,PASS,SUCCESS,arm-none-eabi-gcc 13.3.1,Renode v1.16.1.19220,unversioned-worktree,ec161773561e5f4033f14b7ebdfe209c0257191530eea47dedc4523aaa151a76,stm32h7_mlkem1024_120mhz_ofast_run001.txt,40561250f7ae73fba47bde82f794377f5e61736a427706f1a0e2d7885e491688,2026-07-29T22:11:02.203608+00:00
stm32h7_mlkem1024_200mhz_ofast,1,renode_simulation,STM32H753ZIT6,platforms/boards/nucleo_h753zi.repl,Cortex-M7,200,ML-KEM-1024,-Ofast,5,12815000,64075,14028000,70140,16003200,80016,39,12,11,N/A,12815000|14028000|16003200,111552,2212,2192,7564,115956,9756,19920,29676,PASS,SUCCESS,arm-none-eabi-gcc 13.3.1,Renode v1.16.1.19220,unversioned-worktree,dbbf894d774aee4a6f633fb3424db68236d9887edef9c9ad831bf0ca0be51ae4,stm32h7_mlkem1024_200mhz_ofast_run001.txt,ffae595aadbcdb9533a0b72c0e2448d5ed8c230e2eedb48ccf71730a917f271d,2026-07-29T22:11:02.203608+00:00
stm32h7_mlkem1024_480mhz_ofast,1,renode_simulation,STM32H753ZIT6,platforms/boards/nucleo_h753zi.repl,Cortex-M7,480,ML-KEM-1024,-Ofast,5,30756000,64075,33667200,70140,38407680,80016,39,12,11,N/A,30756000|33667200|38407680,111552,2212,2192,7564,115956,9756,19920,29676,PASS,SUCCESS,arm-none-eabi-gcc 13.3.1,Renode v1.16.1.19220,unversioned-worktree,c51ea9481bcf4cf762856fd8c46aaff26d74af5ebcd288597de3218b0267aec9,stm32h7_mlkem1024_480mhz_ofast_run001.txt,e603975161d3f9a0aec9371ca58539727a46f56d30cdc0490b4a686409e02887,2026-07-29T22:11:02.203608+00:00
stm32h7_mlkem1024_64mhz_ofast,1,renode_simulation,STM32H753ZIT6,platforms/boards/nucleo_h753zi.repl,Cortex-M7,64,ML-KEM-1024,-Ofast,5,4100800,64075,4488960,70140,5121024,80016,39,12,11,N/A,4100800|4488960|5121024,111552,2212,2192,7564,115956,9756,19920,29676,PASS,SUCCESS,arm-none-eabi-gcc 13.3.1,Renode v1.16.1.19220,unversioned-worktree,4d748d72c72173fc205c0fc264c7656d63954a80cb2fb4f7050d25d89434719f,stm32h7_mlkem1024_64mhz_ofast_run001.txt,d3ec394f54a2b1b532d71432bbb23a44abf6da105caf7ff07ade6d7b630b5e04,2026-07-29T22:11:02.203608+00:00
stm32h7_mlkem512_120mhz_o0,1,renode_simulation,STM32H753ZIT6,platforms/boards/nucleo_h753zi.repl,Cortex-M7,120,ML-KEM-512,-O0,5,10139520,84496,12080760,100673,15123360,126028,136,25,25,N/A,10139520|12080760|15123360,156776,2084,2192,4448,161052,6640,12496,19136,PASS,SUCCESS,arm-none-eabi-gcc 13.3.1,Renode v1.16.1.19220,unversioned-worktree,0fc77623c2fd5bfdf160cdcdd626176579baac77278b7087a8ead41038752fa8,stm32h7_mlkem512_120mhz_o0_run001.txt,95b4ac8a2510d6bf6e0ae387324b312b73d29710cd6b5546ba690923cf64f815,2026-07-29T22:11:02.203608+00:00
stm32h7_mlkem512_200mhz_o0,1,renode_simulation,STM32H753ZIT6,platforms/boards/nucleo_h753zi.repl,Cortex-M7,200,ML-KEM-512,-O0,5,16899200,84496,20134600,100673,25205600,126028,136,25,25,N/A,16899200|20134600|25205600,156776,2084,2192,4448,161052,6640,12496,19136,PASS,SUCCESS,arm-none-eabi-gcc 13.3.1,Renode v1.16.1.19220,unversioned-worktree,ca6d9cf710b260eb18415d2b983c722cead1cae85eada567da200e1040bbff5b,stm32h7_mlkem512_200mhz_o0_run001.txt,c9c243480483460297a640f536d55fc9089c444340233ff95e2c2df3a32eb3e6,2026-07-29T22:11:02.203608+00:00
stm32h7_mlkem512_480mhz_o0,1,renode_simulation,STM32H753ZIT6,platforms/boards/nucleo_h753zi.repl,Cortex-M7,480,ML-KEM-512,-O0,5,40558080,84496,48323040,100673,60493440,126028,136,25,25,N/A,40558080|48323040|60493440,156776,2084,2192,4448,161052,6640,12496,19136,PASS,SUCCESS,arm-none-eabi-gcc 13.3.1,Renode v1.16.1.19220,unversioned-worktree,a34aa18bdab41c20041ee15a2515c9d5386b81be94abce714322bea3426f6f91,stm32h7_mlkem512_480mhz_o0_run001.txt,c79eeaf341e1d8daf26f5bd2b4f9c47d0f0db21f0b6962de580861ad29d4114c,2026-07-29T22:11:02.203608+00:00
stm32h7_mlkem512_64mhz_o0,1,renode_simulation,STM32H753ZIT6,platforms/boards/nucleo_h753zi.repl,Cortex-M7,64,ML-KEM-512,-O0,5,5412992,84578,6445504,100711,8068096,126064,23,27,25,N/A,5412992|6445504|8068096,41660,1108,100,3992,42868,4092,12496,16588,PASS,SUCCESS,arm-none-eabi-gcc 13.3.1,Renode v1.16.1.19220,unversioned-worktree,8bb77aa1b1a1e5489aa7702fff1e26770a2601942b3e997ed848dc671c2331f0,stm32h7_mlkem512_64mhz_o0_run001.txt,e9d95830af842f0c9717f7227293be726756a27bfaafb7dc0f6b18af704807a0,2026-07-29T22:11:02.203608+00:00
stm32h7_mlkem512_64mhz_o0,2,renode_simulation,STM32H753ZIT6,platforms/boards/nucleo_h753zi.repl,Cortex-M7,64,ML-KEM-512,-O0,5,5412992,84578,6445504,100711,8068096,126064,23,27,25,N/A,5412992|6445504|8068096,41660,1108,100,3992,42868,4092,12496,16588,PASS,SUCCESS,arm-none-eabi-gcc 13.3.1,Renode v1.16.1.19220,unversioned-worktree,8bb77aa1b1a1e5489aa7702fff1e26770a2601942b3e997ed848dc671c2331f0,stm32h7_mlkem512_64mhz_o0.txt,e9d95830af842f0c9717f7227293be726756a27bfaafb7dc0f6b18af704807a0,2026-07-29T22:11:02.203608+00:00
stm32h7_mlkem512_120mhz_o1,1,renode_simulation,STM32H753ZIT6,platforms/boards/nucleo_h753zi.repl,Cortex-M7,120,ML-KEM-512,-O1,5,3102120,25851,3509400,29245,4221480,35179,90,8,9,N/A,3102120|3509400|4221480,104360,2084,2192,4448,108636,6640,9940,16580,PASS,SUCCESS,arm-none-eabi-gcc 13.3.1,Renode v1.16.1.19220,unversioned-worktree,f862930860222163305d6b747884188e8d11ac85fa5d9d12ee767dc332ee6479,stm32h7_mlkem512_120mhz_o1_run001.txt,d2060b7fbd0a786d0cac6e8976fa08c5253edcd0236b29a2f69114bf613601f1,2026-07-29T22:11:02.203608+00:00
stm32h7_mlkem512_200mhz_o1,1,renode_simulation,STM32H753ZIT6,platforms/boards/nucleo_h753zi.repl,Cortex-M7,200,ML-KEM-512,-O1,5,5170200,25851,5849000,29245,7035800,35179,90,8,9,N/A,5170200|5849000|7035800,104360,2084,2192,4448,108636,6640,9940,16580,PASS,SUCCESS,arm-none-eabi-gcc 13.3.1,Renode v1.16.1.19220,unversioned-worktree,353af4e819975b3be06f5daf25d19e55d939dcfd686ff1dc1e7509402ed00f15,stm32h7_mlkem512_200mhz_o1_run001.txt,2ec570e89fb94d8958b49a526196735ef035c03c2902fbfa5c1cee1cdf601ec7,2026-07-29T22:11:02.203608+00:00
stm32h7_mlkem512_480mhz_o1,1,renode_simulation,STM32H753ZIT6,platforms/boards/nucleo_h753zi.repl,Cortex-M7,480,ML-KEM-512,-O1,5,12408480,25851,14037600,29245,16885920,35179,90,8,9,N/A,12408480|14037600|16885920,104360,2084,2192,4448,108636,6640,9940,16580,PASS,SUCCESS,arm-none-eabi-gcc 13.3.1,Renode v1.16.1.19220,unversioned-worktree,c4f1a3e28175c80be18c5daa15c8c3cde141e8c17df512795c6078982559a4e1,stm32h7_mlkem512_480mhz_o1_run001.txt,0b070c3704bae1e3778dfbeb1520da31ca03e4129a959862fbcdcb21b9f69d2b,2026-07-29T22:11:02.203608+00:00
stm32h7_mlkem512_64mhz_o1,1,renode_simulation,STM32H753ZIT6,platforms/boards/nucleo_h753zi.repl,Cortex-M7,64,ML-KEM-512,-O1,5,1661056,25954,1870272,29223,2249728,35152,94,10,8,N/A,1661056|1870272|2249728,22188,1108,100,3992,23396,4092,9868,13960,PASS,SUCCESS,arm-none-eabi-gcc 13.3.1,Renode v1.16.1.19220,unversioned-worktree,f49eb552cd38d2a9cdeb792bb86cd07dcf5e79f35bea2d537f1b9feae69ecd8c,stm32h7_mlkem512_64mhz_o1_run001.txt,fbb65dcc0ad7a2446bf0f1f1b6f46d06ad0aa4b9880f581d428244da453696b8,2026-07-29T22:11:02.203608+00:00
stm32h7_mlkem512_64mhz_o1,2,renode_simulation,STM32H753ZIT6,platforms/boards/nucleo_h753zi.repl,Cortex-M7,64,ML-KEM-512,-O1,5,1661120,25955,1871168,29237,2250944,35171,94,9,9,N/A,1661120|1871168|2250944,22188,1108,100,3992,23396,4092,9940,14032,PASS,SUCCESS,arm-none-eabi-gcc 13.3.1,Renode v1.16.1.19220,unversioned-worktree,f49eb552cd38d2a9cdeb792bb86cd07dcf5e79f35bea2d537f1b9feae69ecd8c,stm32h7_mlkem512_64mhz_o1.txt,4112528dc05efc8dab1ea6c905cf0f927d23cca9ced7bfc26105ec9a09a7c4d6,2026-07-29T22:11:02.203608+00:00
stm32h7_mlkem512_120mhz_o2,1,renode_simulation,STM32H753ZIT6,platforms/boards/nucleo_h753zi.repl,Cortex-M7,120,ML-KEM-512,-O2,5,3285120,27376,3680880,30674,4372560,36438,15,8,8,N/A,3285120|3680880|4372560,96864,2212,2192,4448,101268,6640,9724,16364,PASS,SUCCESS,arm-none-eabi-gcc 13.3.1,Renode v1.16.1.19220,unversioned-worktree,6e7bdb4933bbce34008d5bbd6e67200b52c696f982cfdab08d8a61552bff6ad6,stm32h7_mlkem512_120mhz_o2_run001.txt,8167aa850215806546abbc0f90f15afa5805c1f852e044dab9ed735cc1ce4157,2026-07-29T22:11:02.203608+00:00
stm32h7_mlkem512_200mhz_o2,1,renode_simulation,STM32H753ZIT6,platforms/boards/nucleo_h753zi.repl,Cortex-M7,200,ML-KEM-512,-O2,5,5475200,27376,6134800,30674,7287600,36438,15,8,8,N/A,5475200|6134800|7287600,96864,2212,2192,4448,101268,6640,9724,16364,PASS,SUCCESS,arm-none-eabi-gcc 13.3.1,Renode v1.16.1.19220,unversioned-worktree,69931d3d96ed7451f1f90ff400ea856403d31c3b9b7f5ea60700e7b861f9a99d,stm32h7_mlkem512_200mhz_o2_run001.txt,270a0a5388d37f874b1a047a691d325bec06b7e0f233a72ab85f5575ec25d131,2026-07-29T22:11:02.203608+00:00
stm32h7_mlkem512_480mhz_o2,1,renode_simulation,STM32H753ZIT6,platforms/boards/nucleo_h753zi.repl,Cortex-M7,480,ML-KEM-512,-O2,5,13140480,27376,14723520,30674,17490240,36438,15,8,8,N/A,13140480|14723520|17490240,96864,2212,2192,4448,101268,6640,9724,16364,PASS,SUCCESS,arm-none-eabi-gcc 13.3.1,Renode v1.16.1.19220,unversioned-worktree,65362ff0cfabbde8c19112c4f1fbd3529d6b191c9f85bea155bb198138208ec9,stm32h7_mlkem512_480mhz_o2_run001.txt,fc75a684178d8729f45da27e945730fa5abc789b50dfc64fe519b7215ed72462,2026-07-29T22:11:02.203608+00:00
stm32h7_mlkem512_64mhz_o2,1,renode_simulation,STM32H753ZIT6,platforms/boards/nucleo_h753zi.repl,Cortex-M7,64,ML-KEM-512,-O2,5,1797248,28082,2003904,31311,2370560,37040,117,8,8,N/A,1797248|2003904|2370560,21644,1108,100,3992,22852,4092,9716,13808,PASS,SUCCESS,arm-none-eabi-gcc 13.3.1,Renode v1.16.1.19220,unversioned-worktree,f1b2f6bc48a7a256a9b020bec198eb3747027bf082725f4f1553f6b15023dde7,stm32h7_mlkem512_64mhz_o2_run001.txt,5224968b4a38770b70254a1216551748bdddb61b235b6a206daf4b790c3b26e5,2026-07-29T22:11:02.203608+00:00
stm32h7_mlkem512_64mhz_o2,2,renode_simulation,STM32H753ZIT6,platforms/boards/nucleo_h753zi.repl,Cortex-M7,64,ML-KEM-512,-O2,5,1797248,28082,2003904,31311,2370560,37040,117,9,8,N/A,1797248|2003904|2370560,21644,1108,100,3992,22852,4092,9724,13816,PASS,SUCCESS,arm-none-eabi-gcc 13.3.1,Renode v1.16.1.19220,unversioned-worktree,f1b2f6bc48a7a256a9b020bec198eb3747027bf082725f4f1553f6b15023dde7,stm32h7_mlkem512_64mhz_o2.txt,ef453acb0dd0c891df1fe42225a7015a7d2120f8ea560dc30462fbf91bf3be1b,2026-07-29T22:11:02.203608+00:00
stm32h7_mlkem512_120mhz_o3,1,renode_simulation,STM32H753ZIT6,platforms/boards/nucleo_h753zi.repl,Cortex-M7,120,ML-KEM-512,-O3,5,2992440,24937,3360120,28001,4065480,33879,16,7,7,N/A,2992440|3360120|4065480,110512,2212,2192,4460,114916,6652,9768,16420,PASS,SUCCESS,arm-none-eabi-gcc 13.3.1,Renode v1.16.1.19220,unversioned-worktree,3cfea01b7716f59437ecce5904810784cf65878678ebfb4bc8ba77b07e40ed3e,stm32h7_mlkem512_120mhz_o3_run001.txt,13ba47386064fee8951db69e3ccc7dc9041e5037da92d7db72cae34fbbf52ccd,2026-07-29T22:11:02.203608+00:00
stm32h7_mlkem512_200mhz_o3,1,renode_simulation,STM32H753ZIT6,platforms/boards/nucleo_h753zi.repl,Cortex-M7,200,ML-KEM-512,-O3,5,4987400,24937,5600200,28001,6775800,33879,16,7,7,N/A,4987400|5600200|6775800,110512,2212,2192,4460,114916,6652,9768,16420,PASS,SUCCESS,arm-none-eabi-gcc 13.3.1,Renode v1.16.1.19220,unversioned-worktree,f6f0fb47e37c1b66786a323210b4fa81ce8ee386c6f4e0d3829653dbd4d71fd8,stm32h7_mlkem512_200mhz_o3_run001.txt,adba6c975565bc9b20d593df25c93092bc8d4e4076b8e4c0d79eacca6331966e,2026-07-29T22:11:02.203608+00:00
stm32h7_mlkem512_480mhz_o3,1,renode_simulation,STM32H753ZIT6,platforms/boards/nucleo_h753zi.repl,Cortex-M7,480,ML-KEM-512,-O3,5,11969760,24937,13440480,28001,16261920,33879,16,7,7,N/A,11969760|13440480|16261920,110512,2212,2192,4460,114916,6652,9768,16420,PASS,SUCCESS,arm-none-eabi-gcc 13.3.1,Renode v1.16.1.19220,unversioned-worktree,651822b902d9c96df43fe707834d9cb37d6f038a03dc8c95a609cb8deaf5b6d5,stm32h7_mlkem512_480mhz_o3_run001.txt,5f304c54d34118d96d0982ac7c0065d9bdcf0cbb1bc0c9c30e126a4f03991bed,2026-07-29T22:11:02.203608+00:00
stm32h7_mlkem512_64mhz_o3,1,renode_simulation,STM32H753ZIT6,platforms/boards/nucleo_h753zi.repl,Cortex-M7,64,ML-KEM-512,-O3,5,1641088,25642,1832768,28637,2206720,34480,116,9,7,N/A,1641088|1832768|2206720,25068,1108,100,4000,26276,4100,9764,13864,PASS,SUCCESS,arm-none-eabi-gcc 13.3.1,Renode v1.16.1.19220,unversioned-worktree,3caaf4b002c655f7c832d2d72ee8094b7c47944f45daec673de67b6b9d8e89b9,stm32h7_mlkem512_64mhz_o3_run001.txt,8eb3ad3c208d696119f436b3b8b69868db823e873cfae39de0594213a2819deb,2026-07-29T22:11:02.203608+00:00
stm32h7_mlkem512_64mhz_o3,2,renode_simulation,STM32H753ZIT6,platforms/boards/nucleo_h753zi.repl,Cortex-M7,64,ML-KEM-512,-O3,5,1641024,25641,1832768,28637,2206720,34480,116,9,8,N/A,1641024|1832768|2206720,25068,1108,100,4000,26276,4100,9764,13864,PASS,SUCCESS,arm-none-eabi-gcc 13.3.1,Renode v1.16.1.19220,unversioned-worktree,3caaf4b002c655f7c832d2d72ee8094b7c47944f45daec673de67b6b9d8e89b9,stm32h7_mlkem512_64mhz_o3.txt,436480b96821ba511ddcfff9182a25ad4ceea72ced0278cfe881996ed0d45986,2026-07-29T22:11:02.203608+00:00
stm32h7_mlkem512_120mhz_os,1,renode_simulation,STM32H753ZIT6,platforms/boards/nucleo_h753zi.repl,Cortex-M7,120,ML-KEM-512,-Os,5,3053880,25449,3496440,29137,4242840,35357,111,8,8,N/A,3053880|3496440|4242840,84888,2116,2192,4448,89196,6640,9780,16420,PASS,SUCCESS,arm-none-eabi-gcc 13.3.1,Renode v1.16.1.19220,unversioned-worktree,c31cb8efb8983899007d20c3ab6f8dc1f6884ce41ec6b095e244f22f37379ade,stm32h7_mlkem512_120mhz_os_run001.txt,146a8738d6ffadc14742171ac4b92f485ba41be8e97ade954c71cb7b6f4b907c,2026-07-29T22:11:02.203608+00:00
stm32h7_mlkem512_200mhz_os,1,renode_simulation,STM32H753ZIT6,platforms/boards/nucleo_h753zi.repl,Cortex-M7,200,ML-KEM-512,-Os,5,5089800,25449,5827400,29137,7071400,35357,111,8,8,N/A,5089800|5827400|7071400,84888,2116,2192,4448,89196,6640,9780,16420,PASS,SUCCESS,arm-none-eabi-gcc 13.3.1,Renode v1.16.1.19220,unversioned-worktree,55d28af2d30285114f69bef4adf93133d4f16699f7f9c08c0d4d98aa509ea0d7,stm32h7_mlkem512_200mhz_os_run001.txt,bbaa1dc157f4ed0efdc83c7ca1844de72c4899ba40718c64577724e5ef8fdccf,2026-07-29T22:11:02.203608+00:00
stm32h7_mlkem512_480mhz_os,1,renode_simulation,STM32H753ZIT6,platforms/boards/nucleo_h753zi.repl,Cortex-M7,480,ML-KEM-512,-Os,5,12215520,25449,13985760,29137,16971360,35357,111,8,8,N/A,12215520|13985760|16971360,84888,2116,2192,4448,89196,6640,9780,16420,PASS,SUCCESS,arm-none-eabi-gcc 13.3.1,Renode v1.16.1.19220,unversioned-worktree,cbb720d6af6d89f0a42c754c8005ab7da3a792257f3ff737a8a47276250c9828,stm32h7_mlkem512_480mhz_os_run001.txt,35872651b83275e04a1f57d19308b741ca3c2f3a48254a3ed01c428ced27d157,2026-07-29T22:11:02.203608+00:00
stm32h7_mlkem512_64mhz_os,1,renode_simulation,STM32H753ZIT6,platforms/boards/nucleo_h753zi.repl,Cortex-M7,64,ML-KEM-512,-Os,5,1667008,26047,1901824,29716,2298560,35915,98,9,9,N/A,1667008|1901824|2298560,19196,1092,100,3992,20388,4092,9780,13872,PASS,SUCCESS,arm-none-eabi-gcc 13.3.1,Renode v1.16.1.19220,unversioned-worktree,7533e1df1f9a6fcf491df40ccef7aea4e71b339eada1540169451a6b7b02819b,stm32h7_mlkem512_64mhz_os_run001.txt,3f2cbc0a4eed3d57dc9a92443807213f71f04a9ad68f275d9c0b85b58140644b,2026-07-29T22:11:02.203608+00:00
stm32h7_mlkem512_64mhz_os,2,renode_simulation,STM32H753ZIT6,platforms/boards/nucleo_h753zi.repl,Cortex-M7,64,ML-KEM-512,-Os,5,1667008,26047,1901824,29716,2298560,35915,98,9,9,N/A,1667008|1901824|2298560,19196,1092,100,3992,20388,4092,9780,13872,PASS,SUCCESS,arm-none-eabi-gcc 13.3.1,Renode v1.16.1.19220,unversioned-worktree,7533e1df1f9a6fcf491df40ccef7aea4e71b339eada1540169451a6b7b02819b,stm32h7_mlkem512_64mhz_os.txt,3f2cbc0a4eed3d57dc9a92443807213f71f04a9ad68f275d9c0b85b58140644b,2026-07-29T22:11:02.203608+00:00
stm32h7_mlkem512_120mhz_ofast,1,renode_simulation,STM32H753ZIT6,platforms/boards/nucleo_h753zi.repl,Cortex-M7,120,ML-KEM-512,-Ofast,5,2992440,24937,3360120,28001,4065480,33879,16,7,7,N/A,2992440|3360120|4065480,110528,2212,2192,4460,114932,6652,9768,16420,PASS,SUCCESS,arm-none-eabi-gcc 13.3.1,Renode v1.16.1.19220,unversioned-worktree,ecb8507d864d8c4fc4efa64d239d70e80602ffde61a8e3f60b51930a7b415e80,stm32h7_mlkem512_120mhz_ofast_run001.txt,13ba47386064fee8951db69e3ccc7dc9041e5037da92d7db72cae34fbbf52ccd,2026-07-29T22:11:02.203608+00:00
stm32h7_mlkem512_200mhz_ofast,1,renode_simulation,STM32H753ZIT6,platforms/boards/nucleo_h753zi.repl,Cortex-M7,200,ML-KEM-512,-Ofast,5,4987400,24937,5600200,28001,6775800,33879,16,7,7,N/A,4987400|5600200|6775800,110528,2212,2192,4460,114932,6652,9768,16420,PASS,SUCCESS,arm-none-eabi-gcc 13.3.1,Renode v1.16.1.19220,unversioned-worktree,4a5fa814f799cf061f96795b886f4902247068b47a1e18c344a28dc33492bd4a,stm32h7_mlkem512_200mhz_ofast_run001.txt,adba6c975565bc9b20d593df25c93092bc8d4e4076b8e4c0d79eacca6331966e,2026-07-29T22:11:02.203608+00:00
stm32h7_mlkem512_480mhz_ofast,1,renode_simulation,STM32H753ZIT6,platforms/boards/nucleo_h753zi.repl,Cortex-M7,480,ML-KEM-512,-Ofast,5,11969760,24937,13440480,28001,16261920,33879,16,7,7,N/A,11969760|13440480|16261920,110528,2212,2192,4460,114932,6652,9768,16420,PASS,SUCCESS,arm-none-eabi-gcc 13.3.1,Renode v1.16.1.19220,unversioned-worktree,f232508a6c216ca35f33538cdca338c3f446d828ad9b8e4269e58b4e927258d6,stm32h7_mlkem512_480mhz_ofast_run001.txt,5f304c54d34118d96d0982ac7c0065d9bdcf0cbb1bc0c9c30e126a4f03991bed,2026-07-29T22:11:02.203608+00:00
stm32h7_mlkem512_64mhz_ofast,1,renode_simulation,STM32H753ZIT6,platforms/boards/nucleo_h753zi.repl,Cortex-M7,64,ML-KEM-512,-Ofast,5,1595968,24937,1792064,28001,2168256,33879,16,7,7,N/A,1595968|1792064|2168256,110528,2212,2192,4460,114932,6652,9768,16420,PASS,SUCCESS,arm-none-eabi-gcc 13.3.1,Renode v1.16.1.19220,unversioned-worktree,171ad3c7734c1ea6d0fd2794dd386fb8ca4d2da367e863c2ad674c3d5611e1b8,stm32h7_mlkem512_64mhz_ofast_run001.txt,92cd65995b57f71e995178c481dadd9514278bb08eb7a49e96534c951096a3c4,2026-07-29T22:11:02.203608+00:00
stm32h7_mlkem768_480mhz_o0,1,renode_simulation,STM32H753ZIT6,platforms/boards/nucleo_h753zi.repl,Cortex-M7,480,ML-KEM-768,-O0,5,67081440,139753,78636000,163825,94821600,197545,823,869,869,N/A,67081440|78636000|94821600,156648,2084,2192,5920,160924,8112,17424,25536,PASS,SUCCESS,arm-none-eabi-gcc 13.3.1,Renode v1.16.1.19220,unversioned-worktree,dd5d039590840b465cf490593b26a3562db99d484ae662645b7b9e91af586c44,stm32h7_mlkem768_480mhz_o0_run001.txt,cfec1328a632f57d7e0810ac217d3077b6cf774ef3c89f52284f8e0dbd590df9,2026-07-29T22:11:02.203608+00:00
stm32h7_mlkem768_64mhz_o0,1,renode_simulation,STM32H753ZIT6,platforms/boards/nucleo_h753zi.repl,Cortex-M7,64,ML-KEM-768,-O0,5,8958976,139984,10488768,163887,12646464,197601,817,869,870,N/A,8958976|10488768|12646464,41528,1108,100,5464,42736,5564,17424,22988,PASS,SUCCESS,arm-none-eabi-gcc 13.3.1,Renode v1.16.1.19220,unversioned-worktree,c014c4932ea9793cc43279fa4d0af372ca03454dbc0215181f13b43588661221,stm32h7_mlkem768_64mhz_o0.txt,d30882e9596bdd0d7327481754bf2f0e4ccf47c3a39b708fb4ddff0ee8b987d2,2026-07-29T22:11:02.203608+00:00
stm32h7_mlkem768_120mhz_o1,1,renode_simulation,STM32H753ZIT6,platforms/boards/nucleo_h753zi.repl,Cortex-M7,120,ML-KEM-768,-O1,5,5133120,42776,5782680,48189,6728160,56068,275,299,299,N/A,5133120|5782680|6728160,104424,2084,2192,5920,108700,8112,14852,22964,PASS,SUCCESS,arm-none-eabi-gcc 13.3.1,Renode v1.16.1.19220,unversioned-worktree,854fd1e28d820de24bb7370b17cb82d999bc971ce01bdcbd32b2800e10ca9028,stm32h7_mlkem768_120mhz_o1_run001.txt,534e30b4f49973035b93a7432c2b782e8dca9b804bfb3f71476176cf5226e0c6,2026-07-29T22:11:02.203608+00:00
stm32h7_mlkem768_200mhz_o1,1,renode_simulation,STM32H753ZIT6,platforms/boards/nucleo_h753zi.repl,Cortex-M7,200,ML-KEM-768,-O1,5,8555200,42776,9637800,48189,11213600,56068,275,299,299,N/A,8555200|9637800|11213600,104424,2084,2192,5920,108700,8112,14852,22964,PASS,SUCCESS,arm-none-eabi-gcc 13.3.1,Renode v1.16.1.19220,unversioned-worktree,d1fd04740d6f4aa54c73e64d266da28633f1ee0d94025aedee7d7b05179d4644,stm32h7_mlkem768_200mhz_o1_run001.txt,2b3ab3bc5d69c8dd0aa0e75f8a6208b9c94f94a2ead78126ca48e57265b9b871,2026-07-29T22:11:02.203608+00:00
stm32h7_mlkem768_480mhz_o1,1,renode_simulation,STM32H753ZIT6,platforms/boards/nucleo_h753zi.repl,Cortex-M7,480,ML-KEM-768,-O1,5,20532480,42776,23130720,48189,26912640,56068,275,299,299,N/A,20532480|23130720|26912640,104424,2084,2192,5920,108700,8112,14852,22964,PASS,SUCCESS,arm-none-eabi-gcc 13.3.1,Renode v1.16.1.19220,unversioned-worktree,ea2a10da22b6f11479eb31836b3919f194607ef31e3bc65305a9d25ffd3d100d,stm32h7_mlkem768_480mhz_o1_run001.txt,580afd684587b4c56db1362dbde13ce1124bcb44384ae501c8fc45f2635e09ae,2026-07-29T22:11:02.203608+00:00
stm32h7_mlkem768_64mhz_o1,1,renode_simulation,STM32H753ZIT6,platforms/boards/nucleo_h753zi.repl,Cortex-M7,64,ML-KEM-768,-O1,5,2748032,42938,3083264,48176,3587392,56053,272,301,299,N/A,2748032|3083264|3587392,22204,1108,100,5464,23412,5564,14712,20276,PASS,SUCCESS,arm-none-eabi-gcc 13.3.1,Renode v1.16.1.19220,unversioned-worktree,8e2901add11167ebfbc9981882cbd44580dbe23028e66a61d60bf04590c2902e,stm32h7_mlkem768_64mhz_o1.txt,e9f35765a5c70b8e03577dcc9d402020904889fb3fe9035d7b242793f82c1990,2026-07-29T22:11:02.203608+00:00
stm32h7_mlkem768_120mhz_o2,1,renode_simulation,STM32H753ZIT6,platforms/boards/nucleo_h753zi.repl,Cortex-M7,120,ML-KEM-768,-O2,5,5414640,45122,6079680,50664,6993360,58278,328,341,341,N/A,5414640|6079680|6993360,96736,2212,2192,5920,101140,8112,14644,22756,PASS,SUCCESS,arm-none-eabi-gcc 13.3.1,Renode v1.16.1.19220,unversioned-worktree,0ac74e6715ff8cc61fae6ae175c9ec0f17186047d372f8835a0d337e2c3ef2dd,stm32h7_mlkem768_120mhz_o2_run001.txt,f4097755135dabf1fab3a4cb9503c7b08795cf6d07cc8632a670dbe6fdeca011,2026-07-29T22:11:02.203608+00:00
stm32h7_mlkem768_200mhz_o2,1,renode_simulation,STM32H753ZIT6,platforms/boards/nucleo_h753zi.repl,Cortex-M7,200,ML-KEM-768,-O2,5,9024400,45122,10132800,50664,11655600,58278,328,341,341,N/A,9024400|10132800|11655600,96736,2212,2192,5920,101140,8112,14644,22756,PASS,SUCCESS,arm-none-eabi-gcc 13.3.1,Renode v1.16.1.19220,unversioned-worktree,0f8fb0ad47fc42428be287a29c600dbfa6b9ac85c42efda691dd0e50773d0bc8,stm32h7_mlkem768_200mhz_o2_run001.txt,a7e05585c4277731f2d921cdfb5287b9ee59be52f8c533f9b6499588efb4fb4c,2026-07-29T22:11:02.203608+00:00
stm32h7_mlkem768_480mhz_o2,1,renode_simulation,STM32H753ZIT6,platforms/boards/nucleo_h753zi.repl,Cortex-M7,480,ML-KEM-768,-O2,5,21658560,45122,24318720,50664,27973440,58278,328,341,341,N/A,21658560|24318720|27973440,96736,2212,2192,5920,101140,8112,14644,22756,PASS,SUCCESS,arm-none-eabi-gcc 13.3.1,Renode v1.16.1.19220,unversioned-worktree,f0c6b33f0e79d010afbe3a9066c33a4d827453bccdf67e87a672b2d9551ee329,stm32h7_mlkem768_480mhz_o2_run001.txt,325a50bb6a6b3ee775138c8051d89f5538d1e62d525fa4028373c6c16366f568,2026-07-29T22:11:02.203608+00:00
stm32h7_mlkem768_64mhz_o2,1,renode_simulation,STM32H753ZIT6,platforms/boards/nucleo_h753zi.repl,Cortex-M7,64,ML-KEM-768,-O2,5,2961920,46280,3310272,51723,3795520,59305,323,342,342,N/A,2961920|3310272|3795520,21532,1108,100,5464,22740,5564,14644,20208,PASS,SUCCESS,arm-none-eabi-gcc 13.3.1,Renode v1.16.1.19220,unversioned-worktree,8bbfa633a74de4764a2d96155bfe01501926fe81449fafae5ebf06ade2d43842,stm32h7_mlkem768_64mhz_o2_run001.txt,0145be20357b4d0a08d2429394fc81d30173fbc7cff7f1561d5c50abe17cb33e,2026-07-29T22:11:02.203608+00:00
stm32h7_mlkem768_64mhz_o2,2,renode_simulation,STM32H753ZIT6,platforms/boards/nucleo_h753zi.repl,Cortex-M7,64,ML-KEM-768,-O2,5,2961920,46280,3310272,51723,3795520,59305,323,342,342,N/A,2961920|3310272|3795520,21532,1108,100,5464,22740,5564,14644,20208,PASS,SUCCESS,arm-none-eabi-gcc 13.3.1,Renode v1.16.1.19220,unversioned-worktree,8bbfa633a74de4764a2d96155bfe01501926fe81449fafae5ebf06ade2d43842,stm32h7_mlkem768_64mhz_o2.txt,0145be20357b4d0a08d2429394fc81d30173fbc7cff7f1561d5c50abe17cb33e,2026-07-29T22:11:02.203608+00:00
stm32h7_mlkem768_120mhz_o3,1,renode_simulation,STM32H753ZIT6,platforms/boards/nucleo_h753zi.repl,Cortex-M7,120,ML-KEM-768,-O3,5,4920600,41005,5537880,46149,6472920,53941,296,309,308,N/A,4920600|5537880|6472920,110384,2212,2192,5932,114788,8124,14688,22812,PASS,SUCCESS,arm-none-eabi-gcc 13.3.1,Renode v1.16.1.19220,unversioned-worktree,0a8a08d2084544ec91e940743bb3394d057c01967bc429c078191fecfb7a2d82,stm32h7_mlkem768_120mhz_o3_run001.txt,dc08f680f02131bc476f53501cf16761f2360252e310df6af0d9db532101c310,2026-07-29T22:11:02.203608+00:00
stm32h7_mlkem768_200mhz_o3,1,renode_simulation,STM32H753ZIT6,platforms/boards/nucleo_h753zi.repl,Cortex-M7,200,ML-KEM-768,-O3,5,8201000,41005,9229800,46149,10788200,53941,296,309,308,N/A,8201000|9229800|10788200,110384,2212,2192,5932,114788,8124,14688,22812,PASS,SUCCESS,arm-none-eabi-gcc 13.3.1,Renode v1.16.1.19220,unversioned-worktree,95a13db2d246bfaa6633b800cd90d443f018710fcd02b47e97dbed20f236f815,stm32h7_mlkem768_200mhz_o3_run001.txt,32881e2ce0f96e247d917f691c55381a1d7eff9eaa2c5053dde9fd34906af6af,2026-07-29T22:11:02.203608+00:00
stm32h7_mlkem768_480mhz_o3,1,renode_simulation,STM32H753ZIT6,platforms/boards/nucleo_h753zi.repl,Cortex-M7,480,ML-KEM-768,-O3,5,19682400,41005,22151520,46149,25891680,53941,296,309,308,N/A,19682400|22151520|25891680,110384,2212,2192,5932,114788,8124,14688,22812,PASS,SUCCESS,arm-none-eabi-gcc 13.3.1,Renode v1.16.1.19220,unversioned-worktree,c7dd02644762b0c2b4458a92405a6a69cca57166d98ed853f6bd140e360762b2,stm32h7_mlkem768_480mhz_o3_run001.txt,934acde493c4b1df0ac040ca4e8846fc6e0e0cfd5345670f96e6cf1474c7caba,2026-07-29T22:11:02.203608+00:00
stm32h7_mlkem768_64mhz_o3,1,renode_simulation,STM32H753ZIT6,platforms/boards/nucleo_h753zi.repl,Cortex-M7,64,ML-KEM-768,-O3,5,2698176,42159,3021056,47204,3517760,54965,292,310,310,N/A,2698176|3021056|3517760,24940,1108,100,5472,26148,5572,14684,20256,PASS,SUCCESS,arm-none-eabi-gcc 13.3.1,Renode v1.16.1.19220,unversioned-worktree,8f2f69d6d6eb939367afb572dbbd81753fcc69b36743ad716e39e4a3b9a49122,stm32h7_mlkem768_64mhz_o3_run001.txt,7409c844fbbd367480696497353b97e3dbb6c5019a17f40e7cf753744faceff1,2026-07-29T22:11:02.203608+00:00
stm32h7_mlkem768_64mhz_o3,2,renode_simulation,STM32H753ZIT6,platforms/boards/nucleo_h753zi.repl,Cortex-M7,64,ML-KEM-768,-O3,5,2698240,42160,3020992,47203,3517760,54965,292,310,311,N/A,2698240|3020992|3517760,24940,1108,100,5472,26148,5572,14684,20256,PASS,SUCCESS,arm-none-eabi-gcc 13.3.1,Renode v1.16.1.19220,unversioned-worktree,8f2f69d6d6eb939367afb572dbbd81753fcc69b36743ad716e39e4a3b9a49122,stm32h7_mlkem768_64mhz_o3.txt,96b31066d33167bde5dba4fe3b0789ffcf81b4eab90fabcf97913c847d4c3ea7,2026-07-29T22:11:02.203608+00:00
stm32h7_mlkem768_120mhz_os,1,renode_simulation,STM32H753ZIT6,platforms/boards/nucleo_h753zi.repl,Cortex-M7,120,ML-KEM-768,-Os,5,5031600,41930,5733360,47778,6717000,55975,271,296,297,N/A,5031600|5733360|6717000,84888,2116,2192,5920,89196,8112,14724,22836,PASS,SUCCESS,arm-none-eabi-gcc 13.3.1,Renode v1.16.1.19220,unversioned-worktree,f7f2c921ad577bf2f05507656bbaa0973eab4aa258299c1ff8887f44d8358ba8,stm32h7_mlkem768_120mhz_os_run001.txt,fff4f01f94f4c840823a1a1df0171539ed15a1408ac84f7a0a3ee797cca5ff50,2026-07-29T22:11:02.203608+00:00
stm32h7_mlkem768_200mhz_os,1,renode_simulation,STM32H753ZIT6,platforms/boards/nucleo_h753zi.repl,Cortex-M7,200,ML-KEM-768,-Os,5,8386000,41930,9555600,47778,11195000,55975,271,296,297,N/A,8386000|9555600|11195000,84888,2116,2192,5920,89196,8112,14724,22836,PASS,SUCCESS,arm-none-eabi-gcc 13.3.1,Renode v1.16.1.19220,unversioned-worktree,1061b30874999839d8e38e8e7eb0f94c7463bb97f8d5e4da4ab396771144978d,stm32h7_mlkem768_200mhz_os_run001.txt,a905f89c346c7927856e1852551ac63db57f00744b0222808a24cc2106cd2903,2026-07-29T22:11:02.203608+00:00
stm32h7_mlkem768_480mhz_os,1,renode_simulation,STM32H753ZIT6,platforms/boards/nucleo_h753zi.repl,Cortex-M7,480,ML-KEM-768,-Os,5,20126400,41930,22933440,47778,26868000,55975,271,296,297,N/A,20126400|22933440|26868000,84888,2116,2192,5920,89196,8112,14724,22836,PASS,SUCCESS,arm-none-eabi-gcc 13.3.1,Renode v1.16.1.19220,unversioned-worktree,4293a2ac8c554cb66e5e8e96fedb24688288d5f9e54ff40b15bc052c7e8db654,stm32h7_mlkem768_480mhz_os_run001.txt,de5898ebca925f6e214e264328b2debb199f9664d7bf422a4359c67435ddd7dc,2026-07-29T22:11:02.203608+00:00
stm32h7_mlkem768_64mhz_os,1,renode_simulation,STM32H753ZIT6,platforms/boards/nucleo_h753zi.repl,Cortex-M7,64,ML-KEM-768,-Os,5,2752448,43007,3120128,48752,3643584,56931,270,299,298,N/A,2752448|3120128|3643584,19184,1092,100,5464,20376,5564,14708,20272,PASS,SUCCESS,arm-none-eabi-gcc 13.3.1,Renode v1.16.1.19220,unversioned-worktree,81f5f66f0440dc54d038951923ffed5722795db08a988443346764085401db3d,stm32h7_mlkem768_64mhz_os_run001.txt,8a40b5cfa8d68930a561b8e425e9669948c5cd375256995776a8c54ae25bb80d,2026-07-29T22:11:02.203608+00:00
stm32h7_mlkem768_64mhz_os,2,renode_simulation,STM32H753ZIT6,platforms/boards/nucleo_h753zi.repl,Cortex-M7,64,ML-KEM-768,-Os,5,2752448,43007,3120128,48752,3643584,56931,270,299,298,N/A,2752448|3120128|3643584,19184,1092,100,5464,20376,5564,14708,20272,PASS,SUCCESS,arm-none-eabi-gcc 13.3.1,Renode v1.16.1.19220,unversioned-worktree,81f5f66f0440dc54d038951923ffed5722795db08a988443346764085401db3d,stm32h7_mlkem768_64mhz_os.txt,8a40b5cfa8d68930a561b8e425e9669948c5cd375256995776a8c54ae25bb80d,2026-07-29T22:11:02.203608+00:00
stm32h7_mlkem768_120mhz_ofast,1,renode_simulation,STM32H753ZIT6,platforms/boards/nucleo_h753zi.repl,Cortex-M7,120,ML-KEM-768,-Ofast,5,4920600,41005,5537760,46148,6472920,53941,295,309,308,N/A,4920600|5537760|6472920,110400,2212,2192,5932,114804,8124,14688,22812,PASS,SUCCESS,arm-none-eabi-gcc 13.3.1,Renode v1.16.1.19220,unversioned-worktree,ea0754aaeb51be52189da2c00864f7d0f0d956a8884db49d61d904b498929984,stm32h7_mlkem768_120mhz_ofast_run001.txt,49d40267256ce1d282b8cbd433b929cd0cc45e7c08e4fece84f8e69a04116b8e,2026-07-29T22:11:02.203608+00:00
stm32h7_mlkem768_200mhz_ofast,1,renode_simulation,STM32H753ZIT6,platforms/boards/nucleo_h753zi.repl,Cortex-M7,200,ML-KEM-768,-Ofast,5,8201000,41005,9229600,46148,10788200,53941,295,309,308,N/A,8201000|9229600|10788200,110400,2212,2192,5932,114804,8124,14688,22812,PASS,SUCCESS,arm-none-eabi-gcc 13.3.1,Renode v1.16.1.19220,unversioned-worktree,0db4d8c81e799779fb3b52e6e89f88cc3e353bc4eaa2db3f6d2a2af39259a1b1,stm32h7_mlkem768_200mhz_ofast_run001.txt,bfe5be59c6ee0beb60fab88bc2ed6157d3cbbbcc7d6a57f4105c1b7fcef0d27c,2026-07-29T22:11:02.203608+00:00
stm32h7_mlkem768_480mhz_ofast,1,renode_simulation,STM32H753ZIT6,platforms/boards/nucleo_h753zi.repl,Cortex-M7,480,ML-KEM-768,-Ofast,5,19682400,41005,22151040,46148,25891680,53941,295,309,308,N/A,19682400|22151040|25891680,110400,2212,2192,5932,114804,8124,14688,22812,PASS,SUCCESS,arm-none-eabi-gcc 13.3.1,Renode v1.16.1.19220,unversioned-worktree,0f9e5229658d023d58fde3f762ddfb855aa6d71f818835baeb82f44a08d58230,stm32h7_mlkem768_480mhz_ofast_run001.txt,6f0581ed6a9be5662e88655919ad3b33ecb40593ab75ac9e37db5ba90fd7ca6d,2026-07-29T22:11:02.203608+00:00
stm32h7_mlkem768_64mhz_ofast,1,renode_simulation,STM32H753ZIT6,platforms/boards/nucleo_h753zi.repl,Cortex-M7,64,ML-KEM-768,-Ofast,5,2624320,41005,2953472,46148,3452224,53941,295,309,308,N/A,2624320|2953472|3452224,110400,2212,2192,5932,114804,8124,14688,22812,PASS,SUCCESS,arm-none-eabi-gcc 13.3.1,Renode v1.16.1.19220,unversioned-worktree,0a97fc06d77f78af0e4a430a561205d69c587a122097035076267780bfb4a841,stm32h7_mlkem768_64mhz_ofast_run001.txt,f2eac7efcf5f83ef4f9d33ff7e8e13a75d247c5351ba91b439263ced282265df,2026-07-29T22:11:02.203608+00:00
